create table customer (
                          id int primary key,
                          first_name varchar(100) not null,
                          last_name varchar(100) not null,
                          city varchar(100),
                          country varchar(100),
                          phone varchar(100)
);
insert into customer (id, first_name, last_name, city, country, phone) values (1, 'Redd', 'Wandless', 'Boljevci', 'Serbia', '642-485-2883');
insert into customer (id, first_name, last_name, city, country, phone) values (2, 'Winfred', 'Lettsom', 'Vilela', 'Portugal', '983-861-2634');
insert into customer (id, first_name, last_name, city, country, phone) values (3, 'Bertrando', 'Croci', 'Tongmuluo', 'China', '710-235-3859');
insert into customer (id, first_name, last_name, city, country, phone) values (4, 'Dall', 'Lynthal', 'Lipa City', 'Philippines', '399-597-0984');
insert into customer (id, first_name, last_name, city, country, phone) values (5, 'Wynnie', 'Warde', 'Vol’no-Nadezhdinskoye', 'Russia', '916-169-1063');
insert into customer (id, first_name, last_name, city, country, phone) values (6, 'Leonelle', 'Girk', 'Xinzhou', 'China', '126-897-1918');
insert into customer (id, first_name, last_name, city, country, phone) values (7, 'Angeli', 'Hurren', 'Ketapang', 'Indonesia', '173-633-2679');
insert into customer (id, first_name, last_name, city, country, phone) values (8, 'Carlin', 'Leeburne', 'Banatski Dvor', 'Serbia', '638-829-5463');
insert into customer (id, first_name, last_name, city, country, phone) values (9, 'Giulia', 'Schultz', 'San Antonio', 'Peru', '293-319-2421');
insert into customer (id, first_name, last_name, city, country, phone) values (10, 'Anna-diana', 'Zorzoni', 'Shakhta', 'Russia', '110-664-4410');
insert into customer (id, first_name, last_name, city, country, phone) values (11, 'Ernestus', 'Adamowitz', 'Mirovice', 'Czech Republic', '847-787-7062');
insert into customer (id, first_name, last_name, city, country, phone) values (12, 'Daryl', 'Piel', 'Rajsko', 'Poland', '883-644-8709');
insert into customer (id, first_name, last_name, city, country, phone) values (13, 'Melodee', 'Gordge', 'Huaquirca', 'Peru', '883-217-6575');
insert into customer (id, first_name, last_name, city, country, phone) values (14, 'Maurise', 'Tindley', 'Dagar', 'China', '296-999-5874');
insert into customer (id, first_name, last_name, city, country, phone) values (15, 'Irita', 'Woolston', 'Orissaare', 'Estonia', '806-864-1925');
insert into customer (id, first_name, last_name, city, country, phone) values (16, 'Tish', 'Tunnadine', 'Tála', 'Cyprus', '702-736-6384');
insert into customer (id, first_name, last_name, city, country, phone) values (17, 'Dewitt', 'Staite', 'Bradford', 'United Kingdom', '539-714-2966');
insert into customer (id, first_name, last_name, city, country, phone) values (18, 'Lisetta', 'Baversor', 'Falun', 'Sweden', '984-860-9223');
insert into customer (id, first_name, last_name, city, country, phone) values (19, 'Geoffrey', 'Nenci', 'Alquerubim', 'Portugal', '347-129-0824');
insert into customer (id, first_name, last_name, city, country, phone) values (20, 'Adelice', 'Duiguid', 'Kokoshkino', 'Russia', '913-542-1747');
insert into customer (id, first_name, last_name, city, country, phone) values (21, 'Willy', 'Traher', 'Portland', 'United States', '971-284-7878');
insert into customer (id, first_name, last_name, city, country, phone) values (22, 'Ingrid', 'Abbate', 'Xushangqiao', 'China', '642-396-3478');
insert into customer (id, first_name, last_name, city, country, phone) values (23, 'Berna', 'Ishchenko', 'Dzhubga', 'Russia', '170-375-7584');
insert into customer (id, first_name, last_name, city, country, phone) values (24, 'Nolie', 'Akroyd', 'Laocheng', 'China', '629-941-4296');
insert into customer (id, first_name, last_name, city, country, phone) values (25, 'Hayley', 'Magee', 'Dieppe', 'France', '853-603-2369');
insert into customer (id, first_name, last_name, city, country, phone) values (26, 'Wolfgang', 'Wagner', 'Datian', 'China', '675-824-2182');
insert into customer (id, first_name, last_name, city, country, phone) values (27, 'Dore', 'Gillise', 'Sa''dah', 'Yemen', '106-709-6701');
insert into customer (id, first_name, last_name, city, country, phone) values (28, 'Ilaire', 'Fleay', 'Martin', 'Croatia', '348-971-4256');
insert into customer (id, first_name, last_name, city, country, phone) values (29, 'Mikael', 'Tartt', 'Santa Magdalena', 'Philippines', '142-264-2340');
insert into customer (id, first_name, last_name, city, country, phone) values (30, 'Morgan', 'Pledger', 'Tessaoua', 'Niger', '202-769-1442');
insert into customer (id, first_name, last_name, city, country, phone) values (31, 'Anne-corinne', 'de Bullion', 'Tsotsin-Yurt', 'Russia', '127-536-3150');
insert into customer (id, first_name, last_name, city, country, phone) values (32, 'Barrett', 'Pursglove', 'Liudong', 'China', '532-943-5187');
insert into customer (id, first_name, last_name, city, country, phone) values (33, 'Delano', 'Lotterington', 'Sharan', 'Russia', '925-772-5916');
insert into customer (id, first_name, last_name, city, country, phone) values (34, 'Ban', 'Coley', 'Menol', 'Indonesia', '916-110-5322');
insert into customer (id, first_name, last_name, city, country, phone) values (35, 'Mozes', 'Haffner', 'Jiangluo', 'China', '936-260-4258');
insert into customer (id, first_name, last_name, city, country, phone) values (36, 'Burk', 'Darlow', 'Lingmen', 'China', '205-732-5717');
insert into customer (id, first_name, last_name, city, country, phone) values (37, 'Stillmann', 'Antyshev', 'Pravda', 'Russia', '756-675-4229');
insert into customer (id, first_name, last_name, city, country, phone) values (38, 'Harwell', 'Caldicott', 'Ferraz de Vasconcelos', 'Brazil', '665-197-2228');
insert into customer (id, first_name, last_name, city, country, phone) values (39, 'Kristy', 'Cottesford', 'Longtan', 'China', '218-629-0000');
insert into customer (id, first_name, last_name, city, country, phone) values (40, 'Merv', 'Macia', 'Kryevidh', 'Albania', '383-538-5890');
insert into customer (id, first_name, last_name, city, country, phone) values (41, 'Urson', 'Klimov', 'Brumadinho', 'Brazil', '306-342-1336');
insert into customer (id, first_name, last_name, city, country, phone) values (42, 'Nels', 'Jessopp', 'Brongkah', 'Indonesia', '209-689-6062');
insert into customer (id, first_name, last_name, city, country, phone) values (43, 'Vivienne', 'Crasswell', 'Talpe', 'Sri Lanka', '469-759-1689');
insert into customer (id, first_name, last_name, city, country, phone) values (44, 'Cybill', 'Bernaldo', 'At Tāj', 'Libya', '556-462-9238');
insert into customer (id, first_name, last_name, city, country, phone) values (45, 'Immanuel', 'Buckler', 'Toronto', 'Canada', '664-297-3757');
insert into customer (id, first_name, last_name, city, country, phone) values (46, 'Meggy', 'Drynan', 'Xihuaiba', 'China', '549-555-6841');
insert into customer (id, first_name, last_name, city, country, phone) values (47, 'Morie', 'Uman', 'Payao', 'Philippines', '298-457-1354');
insert into customer (id, first_name, last_name, city, country, phone) values (48, 'Fraze', 'MacMickan', 'Kayapa', 'Philippines', '721-858-6942');
insert into customer (id, first_name, last_name, city, country, phone) values (49, 'Tremayne', 'Terzi', 'Balta', 'Ukraine', '547-268-9380');
insert into customer (id, first_name, last_name, city, country, phone) values (50, 'Leonie', 'Sail', 'Banzão', 'Portugal', '571-425-8977');
insert into customer (id, first_name, last_name, city, country, phone) values (51, 'Anallise', 'Michallat', 'Joaquín V. González', 'Argentina', '713-397-1838');
insert into customer (id, first_name, last_name, city, country, phone) values (52, 'Paten', 'Ragbourn', 'Ermelo', 'South Africa', '282-727-2870');
insert into customer (id, first_name, last_name, city, country, phone) values (53, 'Godiva', 'Wickmann', 'San Vicente', 'Philippines', '191-453-2220');
insert into customer (id, first_name, last_name, city, country, phone) values (54, 'Ariana', 'Checchetelli', 'Murcia', 'Philippines', '309-243-0611');
insert into customer (id, first_name, last_name, city, country, phone) values (55, 'Jesse', 'Greenard', 'Taipingxu', 'China', '883-408-1866');
insert into customer (id, first_name, last_name, city, country, phone) values (56, 'Isabeau', 'Gravatt', 'Surin', 'Thailand', '499-466-0175');
insert into customer (id, first_name, last_name, city, country, phone) values (57, 'Drud', 'Surpliss', 'Cilampuyang', 'Indonesia', '873-736-5082');
insert into customer (id, first_name, last_name, city, country, phone) values (58, 'Benn', 'Breyt', 'Banyubang', 'Indonesia', '109-645-2824');
insert into customer (id, first_name, last_name, city, country, phone) values (59, 'Jessika', 'McPike', 'Bayt Adhāqah', 'Yemen', '508-577-9231');
insert into customer (id, first_name, last_name, city, country, phone) values (60, 'Hamlen', 'Turone', 'Ajaccio', 'France', '335-756-4630');
insert into customer (id, first_name, last_name, city, country, phone) values (61, 'Tiena', 'Avrahamoff', 'Zmiennica', 'Poland', '259-909-8536');
insert into customer (id, first_name, last_name, city, country, phone) values (62, 'Seymour', 'O''Cleary', 'Agoo', 'Philippines', '158-604-5942');
insert into customer (id, first_name, last_name, city, country, phone) values (63, 'Meier', 'McAlister', 'Serzedo', 'Portugal', '273-441-4411');
insert into customer (id, first_name, last_name, city, country, phone) values (64, 'Dwayne', 'Busst', 'Honolulu', 'United States', '808-563-9144');
insert into customer (id, first_name, last_name, city, country, phone) values (65, 'Carlynn', 'Gilbanks', 'Kristianstad', 'Sweden', '554-411-7485');
insert into customer (id, first_name, last_name, city, country, phone) values (66, 'Dyana', 'Rubinovici', 'Yahil’nytsya', 'Ukraine', '191-582-1709');
insert into customer (id, first_name, last_name, city, country, phone) values (67, 'Cahra', 'MacAne', 'Iturama', 'Brazil', '577-361-2268');
insert into customer (id, first_name, last_name, city, country, phone) values (68, 'Kristel', 'Oleszkiewicz', 'Muang Phôn-Hông', 'Laos', '225-651-8427');
insert into customer (id, first_name, last_name, city, country, phone) values (69, 'Jaimie', 'Dansken', 'Pu’an', 'China', '669-404-9721');
insert into customer (id, first_name, last_name, city, country, phone) values (70, 'Dominic', 'Cisec', 'Mananjary', 'Madagascar', '217-375-1329');
insert into customer (id, first_name, last_name, city, country, phone) values (71, 'Josie', 'Kitchingham', 'Kabasalan', 'Philippines', '387-515-0474');
insert into customer (id, first_name, last_name, city, country, phone) values (72, 'Harlie', 'Dearl', 'Shiojiri', 'Japan', '906-404-1842');
insert into customer (id, first_name, last_name, city, country, phone) values (73, 'Alexa', 'Mc Corley', 'Gueset', 'Philippines', '453-490-5713');
insert into customer (id, first_name, last_name, city, country, phone) values (74, 'Zilvia', 'Dickman', 'Huating', 'China', '966-891-9076');
insert into customer (id, first_name, last_name, city, country, phone) values (75, 'Yard', 'Baglan', 'Youxi', 'China', '816-474-6135');
insert into customer (id, first_name, last_name, city, country, phone) values (76, 'Heather', 'Buzin', 'Bigaan', 'Philippines', '853-113-4559');
insert into customer (id, first_name, last_name, city, country, phone) values (77, 'Veda', 'Giacomelli', 'Angus', 'Canada', '692-356-4322');
insert into customer (id, first_name, last_name, city, country, phone) values (78, 'Cathleen', 'Cornes', 'Mempawah', 'Indonesia', '370-654-2668');
insert into customer (id, first_name, last_name, city, country, phone) values (79, 'Andrei', 'Klaus', 'Winton', 'New Zealand', '582-763-2564');
insert into customer (id, first_name, last_name, city, country, phone) values (80, 'Effie', 'Jerke', 'Nanfeng', 'China', '820-122-3650');
insert into customer (id, first_name, last_name, city, country, phone) values (81, 'Lynett', 'Tossell', 'Mbala', 'Zambia', '739-464-0225');
insert into customer (id, first_name, last_name, city, country, phone) values (82, 'Leeann', 'Beatens', 'La Libertad', 'Philippines', '272-222-0256');
insert into customer (id, first_name, last_name, city, country, phone) values (83, 'Durand', 'Scanderet', 'Mandalay', 'Myanmar', '263-600-1469');
insert into customer (id, first_name, last_name, city, country, phone) values (84, 'Carol-jean', 'Digby', 'Beaumont', 'Ireland', '681-700-2322');
insert into customer (id, first_name, last_name, city, country, phone) values (85, 'Ivy', 'Altoft', 'Los Andes', 'Chile', '262-757-0492');
insert into customer (id, first_name, last_name, city, country, phone) values (86, 'Niles', 'Savins', 'Zlynka', 'Ukraine', '731-182-2225');
insert into customer (id, first_name, last_name, city, country, phone) values (87, 'Cece', 'Fryman', 'Arari', 'Brazil', '359-685-7448');
insert into customer (id, first_name, last_name, city, country, phone) values (88, 'Livvyy', 'Greeson', 'Chiţcani', 'Moldova', '447-638-4202');
insert into customer (id, first_name, last_name, city, country, phone) values (89, 'Stacie', 'Bondley', 'La Puerta de San José', 'Argentina', '920-550-4185');
insert into customer (id, first_name, last_name, city, country, phone) values (90, 'Kaye', 'Marklow', 'Tinaco', 'Venezuela', '471-785-6133');
insert into customer (id, first_name, last_name, city, country, phone) values (91, 'Rod', 'St. Hill', 'Saposoa', 'Peru', '728-471-4940');
insert into customer (id, first_name, last_name, city, country, phone) values (92, 'Alaster', 'Dilleston', 'Kalamangog', 'Philippines', '134-609-5815');
insert into customer (id, first_name, last_name, city, country, phone) values (93, 'Vance', 'Tunuy', 'Cabrero', 'Chile', '384-577-2882');
insert into customer (id, first_name, last_name, city, country, phone) values (94, 'Ado', 'Glayzer', 'Tando Jām', 'Pakistan', '485-417-5473');
insert into customer (id, first_name, last_name, city, country, phone) values (95, 'Dorothea', 'Jerrams', 'Chignayhua', 'Peru', '520-517-3684');
insert into customer (id, first_name, last_name, city, country, phone) values (96, 'Yetty', 'Blasdale', 'Béziers', 'France', '406-800-9989');
insert into customer (id, first_name, last_name, city, country, phone) values (97, 'Emmey', 'Plaister', 'Phan Thong', 'Thailand', '659-127-7189');
insert into customer (id, first_name, last_name, city, country, phone) values (98, 'Elvin', 'Towll', 'Padangguci', 'Indonesia', '448-381-5066');
insert into customer (id, first_name, last_name, city, country, phone) values (99, 'Wylie', 'Balsom', 'Sukkozero', 'Russia', '159-466-1513');
insert into customer (id, first_name, last_name, city, country, phone) values (100, 'Allys', 'Issacov', 'Zhongcheng', 'China', '496-536-6510');


create table order_item (
                            id int primary key,
                            unit_price decimal(12,2) default 0,
                            quantity int default 1,
                            order_id int references orders(id) not null,
                            product_id int references product(id) not null
);
insert into order_item (id, unit_price, quantity, order_id, product_id) values (1, 37.95, 17, 15, 41);
insert into order_item (id, unit_price, quantity, order_id, product_id) values (2, 25.89, 3, 753, 18);
insert into order_item (id, unit_price, quantity, order_id, product_id) values (3, 35.26, 47, 538, 33);
insert into order_item (id, unit_price, quantity, order_id, product_id) values (4, 46.17, 19, 352, 95);
insert into order_item (id, unit_price, quantity, order_id, product_id) values (5, 45.03, 37, 133, 38);
insert into order_item (id, unit_price, quantity, order_id, product_id) values (6, 18.43, 41, 633, 22);
insert into order_item (id, unit_price, quantity, order_id, product_id) values (7, 21.1, 36, 602, 18);
insert into order_item (id, unit_price, quantity, order_id, product_id) values (8, 28.89, 38, 797, 43);
insert into order_item (id, unit_price, quantity, order_id, product_id) values (9, 19.95, 39, 104, 97);
insert into order_item (id, unit_price, quantity, order_id, product_id) values (10, 42.46, 38, 78, 93);
insert into order_item (id, unit_price, quantity, order_id, product_id) values (11, 40.49, 27, 455, 45);
insert into order_item (id, unit_price, quantity, order_id, product_id) values (12, 37.95, 26, 166, 80);
insert into order_item (id, unit_price, quantity, order_id, product_id) values (13, 37.52, 47, 769, 69);
insert into order_item (id, unit_price, quantity, order_id, product_id) values (14, 13.68, 6, 323, 89);
insert into order_item (id, unit_price, quantity, order_id, product_id) values (15, 15.42, 21, 136, 57);
insert into order_item (id, unit_price, quantity, order_id, product_id) values (16, 32.31, 34, 130, 98);
insert into order_item (id, unit_price, quantity, order_id, product_id) values (17, 36.05, 48, 69, 49);
insert into order_item (id, unit_price, quantity, order_id, product_id) values (18, 37.39, 3, 635, 86);
insert into order_item (id, unit_price, quantity, order_id, product_id) values (19, 26.55, 13, 280, 77);
insert into order_item (id, unit_price, quantity, order_id, product_id) values (20, 32.82, 20, 716, 85);
insert into order_item (id, unit_price, quantity, order_id, product_id) values (21, 29.83, 27, 450, 33);
insert into order_item (id, unit_price, quantity, order_id, product_id) values (22, 32.08, 11, 562, 92);
insert into order_item (id, unit_price, quantity, order_id, product_id) values (23, 16.69, 43, 258, 56);
insert into order_item (id, unit_price, quantity, order_id, product_id) values (24, 30.48, 2, 75, 47);
insert into order_item (id, unit_price, quantity, order_id, product_id) values (25, 49.02, 6, 264, 99);
insert into order_item (id, unit_price, quantity, order_id, product_id) values (26, 36.6, 5, 616, 35);
insert into order_item (id, unit_price, quantity, order_id, product_id) values (27, 36.92, 34, 395, 56);
insert into order_item (id, unit_price, quantity, order_id, product_id) values (28, 49.14, 41, 123, 52);
insert into order_item (id, unit_price, quantity, order_id, product_id) values (29, 38.4, 1, 271, 10);
insert into order_item (id, unit_price, quantity, order_id, product_id) values (30, 25.54, 50, 210, 2);
insert into order_item (id, unit_price, quantity, order_id, product_id) values (31, 19.74, 34, 83, 4);
insert into order_item (id, unit_price, quantity, order_id, product_id) values (32, 15.46, 47, 296, 56);
insert into order_item (id, unit_price, quantity, order_id, product_id) values (33, 37.71, 25, 537, 11);
insert into order_item (id, unit_price, quantity, order_id, product_id) values (34, 38.59, 18, 84, 29);
insert into order_item (id, unit_price, quantity, order_id, product_id) values (35, 22.72, 20, 152, 46);
insert into order_item (id, unit_price, quantity, order_id, product_id) values (36, 38.52, 34, 116, 75);
insert into order_item (id, unit_price, quantity, order_id, product_id) values (37, 10.75, 11, 471, 42);
insert into order_item (id, unit_price, quantity, order_id, product_id) values (38, 16.9, 24, 45, 98);
insert into order_item (id, unit_price, quantity, order_id, product_id) values (39, 41.12, 4, 504, 92);
insert into order_item (id, unit_price, quantity, order_id, product_id) values (40, 34.24, 48, 137, 25);
insert into order_item (id, unit_price, quantity, order_id, product_id) values (41, 28.58, 3, 683, 39);
insert into order_item (id, unit_price, quantity, order_id, product_id) values (42, 35.6, 31, 607, 92);
insert into order_item (id, unit_price, quantity, order_id, product_id) values (43, 23.15, 17, 609, 59);
insert into order_item (id, unit_price, quantity, order_id, product_id) values (44, 23.57, 38, 649, 14);
insert into order_item (id, unit_price, quantity, order_id, product_id) values (45, 11.89, 11, 753, 35);
insert into order_item (id, unit_price, quantity, order_id, product_id) values (46, 47.2, 36, 341, 35);
insert into order_item (id, unit_price, quantity, order_id, product_id) values (47, 35.68, 44, 457, 33);
insert into order_item (id, unit_price, quantity, order_id, product_id) values (48, 39.75, 3, 316, 85);
insert into order_item (id, unit_price, quantity, order_id, product_id) values (49, 20.57, 20, 605, 14);
insert into order_item (id, unit_price, quantity, order_id, product_id) values (50, 26.75, 30, 414, 2);
insert into order_item (id, unit_price, quantity, order_id, product_id) values (51, 13.26, 50, 324, 13);
insert into order_item (id, unit_price, quantity, order_id, product_id) values (52, 18.13, 29, 556, 31);
insert into order_item (id, unit_price, quantity, order_id, product_id) values (53, 25.66, 24, 559, 43);
insert into order_item (id, unit_price, quantity, order_id, product_id) values (54, 17.31, 31, 620, 85);
insert into order_item (id, unit_price, quantity, order_id, product_id) values (55, 13.97, 21, 191, 44);
insert into order_item (id, unit_price, quantity, order_id, product_id) values (56, 49.58, 38, 164, 55);
insert into order_item (id, unit_price, quantity, order_id, product_id) values (57, 13.91, 18, 252, 86);
insert into order_item (id, unit_price, quantity, order_id, product_id) values (58, 10.87, 29, 727, 14);
insert into order_item (id, unit_price, quantity, order_id, product_id) values (59, 11.53, 31, 501, 36);
insert into order_item (id, unit_price, quantity, order_id, product_id) values (60, 42.82, 46, 45, 90);
insert into order_item (id, unit_price, quantity, order_id, product_id) values (61, 10.71, 12, 532, 89);
insert into order_item (id, unit_price, quantity, order_id, product_id) values (62, 38.1, 19, 17, 22);
insert into order_item (id, unit_price, quantity, order_id, product_id) values (63, 47.78, 48, 88, 36);
insert into order_item (id, unit_price, quantity, order_id, product_id) values (64, 45.37, 4, 22, 5);
insert into order_item (id, unit_price, quantity, order_id, product_id) values (65, 24.46, 9, 461, 62);
insert into order_item (id, unit_price, quantity, order_id, product_id) values (66, 32.42, 25, 330, 89);
insert into order_item (id, unit_price, quantity, order_id, product_id) values (67, 44.59, 22, 653, 1);
insert into order_item (id, unit_price, quantity, order_id, product_id) values (68, 17.61, 11, 424, 12);
insert into order_item (id, unit_price, quantity, order_id, product_id) values (69, 43.5, 7, 665, 22);
insert into order_item (id, unit_price, quantity, order_id, product_id) values (70, 20.09, 15, 620, 77);
insert into order_item (id, unit_price, quantity, order_id, product_id) values (71, 43.45, 43, 741, 96);
insert into order_item (id, unit_price, quantity, order_id, product_id) values (72, 29.9, 45, 766, 92);
insert into order_item (id, unit_price, quantity, order_id, product_id) values (73, 43.97, 8, 532, 42);
insert into order_item (id, unit_price, quantity, order_id, product_id) values (74, 13.3, 16, 142, 94);
insert into order_item (id, unit_price, quantity, order_id, product_id) values (75, 40.6, 39, 690, 34);
insert into order_item (id, unit_price, quantity, order_id, product_id) values (76, 19.6, 6, 596, 26);
insert into order_item (id, unit_price, quantity, order_id, product_id) values (77, 13.82, 1, 46, 18);
insert into order_item (id, unit_price, quantity, order_id, product_id) values (78, 33.12, 25, 208, 29);
insert into order_item (id, unit_price, quantity, order_id, product_id) values (79, 25.95, 16, 689, 87);
insert into order_item (id, unit_price, quantity, order_id, product_id) values (80, 14.25, 18, 679, 20);
insert into order_item (id, unit_price, quantity, order_id, product_id) values (81, 38.92, 37, 46, 83);
insert into order_item (id, unit_price, quantity, order_id, product_id) values (82, 23.88, 43, 150, 71);
insert into order_item (id, unit_price, quantity, order_id, product_id) values (83, 32.96, 23, 605, 90);
insert into order_item (id, unit_price, quantity, order_id, product_id) values (84, 23.51, 50, 504, 93);
insert into order_item (id, unit_price, quantity, order_id, product_id) values (85, 35.19, 28, 237, 62);
insert into order_item (id, unit_price, quantity, order_id, product_id) values (86, 20.19, 36, 663, 37);
insert into order_item (id, unit_price, quantity, order_id, product_id) values (87, 34.9, 34, 26, 67);
insert into order_item (id, unit_price, quantity, order_id, product_id) values (88, 36.7, 26, 89, 40);
insert into order_item (id, unit_price, quantity, order_id, product_id) values (89, 25.97, 1, 785, 31);
insert into order_item (id, unit_price, quantity, order_id, product_id) values (90, 31.26, 23, 60, 78);
insert into order_item (id, unit_price, quantity, order_id, product_id) values (91, 21.2, 39, 700, 30);
insert into order_item (id, unit_price, quantity, order_id, product_id) values (92, 22.76, 32, 454, 20);
insert into order_item (id, unit_price, quantity, order_id, product_id) values (93, 21.49, 45, 66, 54);
insert into order_item (id, unit_price, quantity, order_id, product_id) values (94, 36.44, 13, 610, 29);
insert into order_item (id, unit_price, quantity, order_id, product_id) values (95, 37.92, 41, 29, 87);
insert into order_item (id, unit_price, quantity, order_id, product_id) values (96, 15.46, 29, 20, 10);
insert into order_item (id, unit_price, quantity, order_id, product_id) values (97, 36.03, 38, 429, 12);
insert into order_item (id, unit_price, quantity, order_id, product_id) values (98, 12.17, 23, 687, 73);
insert into order_item (id, unit_price, quantity, order_id, product_id) values (99, 29.14, 50, 486, 15);
insert into order_item (id, unit_price, quantity, order_id, product_id) values (100, 25.25, 2, 665, 17);
insert into order_item (id, unit_price, quantity, order_id, product_id) values (101, 19.56, 39, 750, 74);
insert into order_item (id, unit_price, quantity, order_id, product_id) values (102, 16.25, 26, 629, 84);
insert into order_item (id, unit_price, quantity, order_id, product_id) values (103, 49.81, 35, 575, 24);
insert into order_item (id, unit_price, quantity, order_id, product_id) values (104, 11.18, 18, 459, 41);
insert into order_item (id, unit_price, quantity, order_id, product_id) values (105, 31.14, 13, 683, 79);
insert into order_item (id, unit_price, quantity, order_id, product_id) values (106, 42.74, 1, 161, 33);
insert into order_item (id, unit_price, quantity, order_id, product_id) values (107, 39.02, 43, 512, 45);
insert into order_item (id, unit_price, quantity, order_id, product_id) values (108, 18.68, 13, 607, 95);
insert into order_item (id, unit_price, quantity, order_id, product_id) values (109, 15.94, 43, 536, 34);
insert into order_item (id, unit_price, quantity, order_id, product_id) values (110, 34.62, 19, 543, 19);
insert into order_item (id, unit_price, quantity, order_id, product_id) values (111, 20.6, 27, 450, 30);
insert into order_item (id, unit_price, quantity, order_id, product_id) values (112, 49.96, 20, 235, 23);
insert into order_item (id, unit_price, quantity, order_id, product_id) values (113, 32.51, 13, 33, 66);
insert into order_item (id, unit_price, quantity, order_id, product_id) values (114, 41.86, 18, 713, 66);
insert into order_item (id, unit_price, quantity, order_id, product_id) values (115, 49.52, 43, 790, 36);
insert into order_item (id, unit_price, quantity, order_id, product_id) values (116, 15.68, 46, 83, 61);
insert into order_item (id, unit_price, quantity, order_id, product_id) values (117, 34.55, 16, 268, 67);
insert into order_item (id, unit_price, quantity, order_id, product_id) values (118, 21.28, 50, 738, 19);
insert into order_item (id, unit_price, quantity, order_id, product_id) values (119, 25.98, 46, 338, 50);
insert into order_item (id, unit_price, quantity, order_id, product_id) values (120, 49.55, 6, 92, 43);
insert into order_item (id, unit_price, quantity, order_id, product_id) values (121, 27.42, 16, 516, 61);
insert into order_item (id, unit_price, quantity, order_id, product_id) values (122, 32.89, 14, 158, 74);
insert into order_item (id, unit_price, quantity, order_id, product_id) values (123, 32.1, 34, 743, 41);
insert into order_item (id, unit_price, quantity, order_id, product_id) values (124, 14.12, 3, 292, 11);
insert into order_item (id, unit_price, quantity, order_id, product_id) values (125, 49.18, 37, 754, 20);
insert into order_item (id, unit_price, quantity, order_id, product_id) values (126, 47.18, 40, 531, 88);
insert into order_item (id, unit_price, quantity, order_id, product_id) values (127, 44.64, 17, 67, 59);
insert into order_item (id, unit_price, quantity, order_id, product_id) values (128, 20.64, 40, 376, 94);
insert into order_item (id, unit_price, quantity, order_id, product_id) values (129, 21.59, 49, 578, 91);
insert into order_item (id, unit_price, quantity, order_id, product_id) values (130, 19.6, 42, 375, 93);
insert into order_item (id, unit_price, quantity, order_id, product_id) values (131, 43.33, 25, 52, 64);
insert into order_item (id, unit_price, quantity, order_id, product_id) values (132, 24.11, 4, 348, 26);
insert into order_item (id, unit_price, quantity, order_id, product_id) values (133, 36.51, 9, 546, 11);
insert into order_item (id, unit_price, quantity, order_id, product_id) values (134, 26.72, 10, 95, 24);
insert into order_item (id, unit_price, quantity, order_id, product_id) values (135, 14.39, 37, 189, 76);
insert into order_item (id, unit_price, quantity, order_id, product_id) values (136, 29.87, 11, 436, 77);
insert into order_item (id, unit_price, quantity, order_id, product_id) values (137, 39.91, 18, 88, 10);
insert into order_item (id, unit_price, quantity, order_id, product_id) values (138, 26.59, 46, 356, 17);
insert into order_item (id, unit_price, quantity, order_id, product_id) values (139, 42.81, 1, 536, 37);
insert into order_item (id, unit_price, quantity, order_id, product_id) values (140, 15.95, 42, 566, 62);
insert into order_item (id, unit_price, quantity, order_id, product_id) values (141, 48.01, 44, 787, 4);
insert into order_item (id, unit_price, quantity, order_id, product_id) values (142, 19.06, 10, 478, 93);
insert into order_item (id, unit_price, quantity, order_id, product_id) values (143, 25.41, 42, 477, 3);
insert into order_item (id, unit_price, quantity, order_id, product_id) values (144, 21.17, 23, 714, 91);
insert into order_item (id, unit_price, quantity, order_id, product_id) values (145, 28.16, 20, 89, 33);
insert into order_item (id, unit_price, quantity, order_id, product_id) values (146, 47.62, 35, 310, 16);
insert into order_item (id, unit_price, quantity, order_id, product_id) values (147, 13.33, 49, 399, 98);
insert into order_item (id, unit_price, quantity, order_id, product_id) values (148, 17.35, 34, 438, 54);
insert into order_item (id, unit_price, quantity, order_id, product_id) values (149, 44.04, 47, 414, 84);
insert into order_item (id, unit_price, quantity, order_id, product_id) values (150, 37.0, 22, 83, 9);
insert into order_item (id, unit_price, quantity, order_id, product_id) values (151, 24.6, 30, 306, 83);
insert into order_item (id, unit_price, quantity, order_id, product_id) values (152, 21.5, 48, 320, 87);
insert into order_item (id, unit_price, quantity, order_id, product_id) values (153, 34.9, 40, 136, 6);
insert into order_item (id, unit_price, quantity, order_id, product_id) values (154, 23.28, 46, 254, 46);
insert into order_item (id, unit_price, quantity, order_id, product_id) values (155, 24.83, 29, 374, 84);
insert into order_item (id, unit_price, quantity, order_id, product_id) values (156, 16.64, 31, 99, 33);
insert into order_item (id, unit_price, quantity, order_id, product_id) values (157, 10.31, 47, 78, 38);
insert into order_item (id, unit_price, quantity, order_id, product_id) values (158, 24.88, 37, 207, 79);
insert into order_item (id, unit_price, quantity, order_id, product_id) values (159, 44.21, 4, 307, 57);
insert into order_item (id, unit_price, quantity, order_id, product_id) values (160, 41.54, 28, 526, 37);
insert into order_item (id, unit_price, quantity, order_id, product_id) values (161, 27.22, 36, 449, 31);
insert into order_item (id, unit_price, quantity, order_id, product_id) values (162, 37.17, 39, 341, 86);
insert into order_item (id, unit_price, quantity, order_id, product_id) values (163, 18.53, 6, 768, 62);
insert into order_item (id, unit_price, quantity, order_id, product_id) values (164, 34.78, 9, 40, 23);
insert into order_item (id, unit_price, quantity, order_id, product_id) values (165, 17.99, 16, 87, 81);
insert into order_item (id, unit_price, quantity, order_id, product_id) values (166, 46.27, 38, 327, 48);
insert into order_item (id, unit_price, quantity, order_id, product_id) values (167, 35.0, 32, 544, 100);
insert into order_item (id, unit_price, quantity, order_id, product_id) values (168, 12.81, 13, 663, 95);
insert into order_item (id, unit_price, quantity, order_id, product_id) values (169, 45.6, 31, 330, 20);
insert into order_item (id, unit_price, quantity, order_id, product_id) values (170, 26.64, 27, 746, 42);
insert into order_item (id, unit_price, quantity, order_id, product_id) values (171, 40.09, 8, 602, 98);
insert into order_item (id, unit_price, quantity, order_id, product_id) values (172, 48.29, 29, 751, 76);
insert into order_item (id, unit_price, quantity, order_id, product_id) values (173, 14.72, 19, 430, 77);
insert into order_item (id, unit_price, quantity, order_id, product_id) values (174, 16.27, 41, 328, 28);
insert into order_item (id, unit_price, quantity, order_id, product_id) values (175, 42.34, 15, 285, 79);
insert into order_item (id, unit_price, quantity, order_id, product_id) values (176, 32.99, 24, 628, 36);
insert into order_item (id, unit_price, quantity, order_id, product_id) values (177, 28.36, 30, 203, 6);
insert into order_item (id, unit_price, quantity, order_id, product_id) values (178, 34.08, 40, 686, 15);
insert into order_item (id, unit_price, quantity, order_id, product_id) values (179, 42.89, 16, 556, 58);
insert into order_item (id, unit_price, quantity, order_id, product_id) values (180, 46.1, 28, 422, 79);
insert into order_item (id, unit_price, quantity, order_id, product_id) values (181, 27.86, 1, 460, 38);
insert into order_item (id, unit_price, quantity, order_id, product_id) values (182, 39.99, 10, 97, 81);
insert into order_item (id, unit_price, quantity, order_id, product_id) values (183, 16.59, 23, 169, 23);
insert into order_item (id, unit_price, quantity, order_id, product_id) values (184, 34.52, 41, 394, 57);
insert into order_item (id, unit_price, quantity, order_id, product_id) values (185, 15.68, 5, 172, 28);
insert into order_item (id, unit_price, quantity, order_id, product_id) values (186, 47.96, 18, 684, 87);
insert into order_item (id, unit_price, quantity, order_id, product_id) values (187, 36.31, 9, 501, 13);
insert into order_item (id, unit_price, quantity, order_id, product_id) values (188, 27.95, 22, 624, 95);
insert into order_item (id, unit_price, quantity, order_id, product_id) values (189, 23.4, 25, 63, 25);
insert into order_item (id, unit_price, quantity, order_id, product_id) values (190, 34.87, 32, 48, 32);
insert into order_item (id, unit_price, quantity, order_id, product_id) values (191, 24.73, 33, 798, 65);
insert into order_item (id, unit_price, quantity, order_id, product_id) values (192, 32.56, 48, 366, 31);
insert into order_item (id, unit_price, quantity, order_id, product_id) values (193, 28.22, 13, 343, 2);
insert into order_item (id, unit_price, quantity, order_id, product_id) values (194, 39.42, 22, 585, 42);
insert into order_item (id, unit_price, quantity, order_id, product_id) values (195, 39.24, 39, 272, 57);
insert into order_item (id, unit_price, quantity, order_id, product_id) values (196, 16.77, 38, 761, 27);
insert into order_item (id, unit_price, quantity, order_id, product_id) values (197, 22.39, 7, 561, 87);
insert into order_item (id, unit_price, quantity, order_id, product_id) values (198, 47.15, 14, 511, 3);
insert into order_item (id, unit_price, quantity, order_id, product_id) values (199, 32.17, 13, 151, 57);
insert into order_item (id, unit_price, quantity, order_id, product_id) values (200, 36.54, 14, 527, 5);
insert into order_item (id, unit_price, quantity, order_id, product_id) values (201, 46.04, 26, 154, 8);
insert into order_item (id, unit_price, quantity, order_id, product_id) values (202, 27.72, 24, 435, 99);
insert into order_item (id, unit_price, quantity, order_id, product_id) values (203, 28.32, 5, 320, 57);
insert into order_item (id, unit_price, quantity, order_id, product_id) values (204, 12.73, 2, 724, 19);
insert into order_item (id, unit_price, quantity, order_id, product_id) values (205, 36.32, 48, 98, 41);
insert into order_item (id, unit_price, quantity, order_id, product_id) values (206, 43.52, 34, 55, 28);
insert into order_item (id, unit_price, quantity, order_id, product_id) values (207, 24.35, 26, 342, 85);
insert into order_item (id, unit_price, quantity, order_id, product_id) values (208, 39.26, 45, 112, 4);
insert into order_item (id, unit_price, quantity, order_id, product_id) values (209, 32.21, 24, 773, 34);
insert into order_item (id, unit_price, quantity, order_id, product_id) values (210, 49.67, 37, 473, 48);
insert into order_item (id, unit_price, quantity, order_id, product_id) values (211, 12.36, 50, 354, 71);
insert into order_item (id, unit_price, quantity, order_id, product_id) values (212, 27.99, 12, 472, 41);
insert into order_item (id, unit_price, quantity, order_id, product_id) values (213, 36.86, 37, 193, 6);
insert into order_item (id, unit_price, quantity, order_id, product_id) values (214, 23.12, 8, 301, 81);
insert into order_item (id, unit_price, quantity, order_id, product_id) values (215, 16.98, 33, 135, 5);
insert into order_item (id, unit_price, quantity, order_id, product_id) values (216, 37.34, 36, 157, 91);
insert into order_item (id, unit_price, quantity, order_id, product_id) values (217, 34.15, 32, 47, 89);
insert into order_item (id, unit_price, quantity, order_id, product_id) values (218, 36.6, 10, 468, 22);
insert into order_item (id, unit_price, quantity, order_id, product_id) values (219, 23.49, 20, 327, 95);
insert into order_item (id, unit_price, quantity, order_id, product_id) values (220, 40.86, 3, 430, 45);
insert into order_item (id, unit_price, quantity, order_id, product_id) values (221, 38.29, 24, 485, 70);
insert into order_item (id, unit_price, quantity, order_id, product_id) values (222, 21.87, 37, 411, 71);
insert into order_item (id, unit_price, quantity, order_id, product_id) values (223, 16.81, 38, 73, 21);
insert into order_item (id, unit_price, quantity, order_id, product_id) values (224, 28.26, 25, 460, 67);
insert into order_item (id, unit_price, quantity, order_id, product_id) values (225, 41.06, 40, 28, 82);
insert into order_item (id, unit_price, quantity, order_id, product_id) values (226, 16.72, 4, 519, 80);
insert into order_item (id, unit_price, quantity, order_id, product_id) values (227, 28.34, 46, 584, 44);
insert into order_item (id, unit_price, quantity, order_id, product_id) values (228, 23.02, 11, 708, 5);
insert into order_item (id, unit_price, quantity, order_id, product_id) values (229, 40.56, 3, 355, 85);
insert into order_item (id, unit_price, quantity, order_id, product_id) values (230, 48.91, 35, 145, 15);
insert into order_item (id, unit_price, quantity, order_id, product_id) values (231, 36.82, 28, 278, 14);
insert into order_item (id, unit_price, quantity, order_id, product_id) values (232, 19.62, 33, 556, 16);
insert into order_item (id, unit_price, quantity, order_id, product_id) values (233, 48.47, 11, 257, 7);
insert into order_item (id, unit_price, quantity, order_id, product_id) values (234, 43.03, 33, 657, 53);
insert into order_item (id, unit_price, quantity, order_id, product_id) values (235, 26.99, 48, 287, 47);
insert into order_item (id, unit_price, quantity, order_id, product_id) values (236, 30.34, 9, 590, 95);
insert into order_item (id, unit_price, quantity, order_id, product_id) values (237, 49.56, 32, 749, 4);
insert into order_item (id, unit_price, quantity, order_id, product_id) values (238, 10.17, 46, 12, 56);
insert into order_item (id, unit_price, quantity, order_id, product_id) values (239, 25.93, 3, 24, 41);
insert into order_item (id, unit_price, quantity, order_id, product_id) values (240, 44.01, 16, 429, 70);
insert into order_item (id, unit_price, quantity, order_id, product_id) values (241, 40.88, 24, 554, 33);
insert into order_item (id, unit_price, quantity, order_id, product_id) values (242, 42.04, 4, 483, 53);
insert into order_item (id, unit_price, quantity, order_id, product_id) values (243, 15.43, 25, 683, 94);
insert into order_item (id, unit_price, quantity, order_id, product_id) values (244, 12.21, 10, 498, 95);
insert into order_item (id, unit_price, quantity, order_id, product_id) values (245, 17.62, 10, 66, 77);
insert into order_item (id, unit_price, quantity, order_id, product_id) values (246, 15.14, 5, 87, 62);
insert into order_item (id, unit_price, quantity, order_id, product_id) values (247, 17.68, 14, 634, 45);
insert into order_item (id, unit_price, quantity, order_id, product_id) values (248, 26.58, 35, 114, 78);
insert into order_item (id, unit_price, quantity, order_id, product_id) values (249, 23.34, 40, 553, 5);
insert into order_item (id, unit_price, quantity, order_id, product_id) values (250, 34.26, 24, 67, 49);
insert into order_item (id, unit_price, quantity, order_id, product_id) values (251, 10.59, 20, 289, 89);
insert into order_item (id, unit_price, quantity, order_id, product_id) values (252, 36.06, 14, 81, 11);
insert into order_item (id, unit_price, quantity, order_id, product_id) values (253, 33.67, 19, 313, 12);
insert into order_item (id, unit_price, quantity, order_id, product_id) values (254, 23.37, 8, 546, 100);
insert into order_item (id, unit_price, quantity, order_id, product_id) values (255, 46.78, 37, 327, 96);
insert into order_item (id, unit_price, quantity, order_id, product_id) values (256, 36.01, 40, 226, 52);
insert into order_item (id, unit_price, quantity, order_id, product_id) values (257, 47.67, 43, 708, 53);
insert into order_item (id, unit_price, quantity, order_id, product_id) values (258, 44.86, 19, 188, 99);
insert into order_item (id, unit_price, quantity, order_id, product_id) values (259, 30.82, 41, 544, 23);
insert into order_item (id, unit_price, quantity, order_id, product_id) values (260, 20.8, 36, 128, 84);
insert into order_item (id, unit_price, quantity, order_id, product_id) values (261, 43.1, 33, 394, 58);
insert into order_item (id, unit_price, quantity, order_id, product_id) values (262, 36.96, 24, 371, 61);
insert into order_item (id, unit_price, quantity, order_id, product_id) values (263, 26.15, 4, 630, 48);
insert into order_item (id, unit_price, quantity, order_id, product_id) values (264, 25.32, 48, 115, 21);
insert into order_item (id, unit_price, quantity, order_id, product_id) values (265, 37.95, 19, 578, 85);
insert into order_item (id, unit_price, quantity, order_id, product_id) values (266, 43.18, 4, 361, 27);
insert into order_item (id, unit_price, quantity, order_id, product_id) values (267, 26.8, 48, 227, 94);
insert into order_item (id, unit_price, quantity, order_id, product_id) values (268, 42.13, 28, 5, 23);
insert into order_item (id, unit_price, quantity, order_id, product_id) values (269, 34.93, 6, 550, 30);
insert into order_item (id, unit_price, quantity, order_id, product_id) values (270, 28.19, 13, 189, 20);
insert into order_item (id, unit_price, quantity, order_id, product_id) values (271, 23.81, 47, 447, 21);
insert into order_item (id, unit_price, quantity, order_id, product_id) values (272, 20.26, 41, 330, 98);
insert into order_item (id, unit_price, quantity, order_id, product_id) values (273, 33.55, 22, 34, 13);
insert into order_item (id, unit_price, quantity, order_id, product_id) values (274, 47.12, 14, 388, 37);
insert into order_item (id, unit_price, quantity, order_id, product_id) values (275, 18.76, 31, 521, 39);
insert into order_item (id, unit_price, quantity, order_id, product_id) values (276, 31.98, 1, 733, 17);
insert into order_item (id, unit_price, quantity, order_id, product_id) values (277, 20.96, 38, 148, 94);
insert into order_item (id, unit_price, quantity, order_id, product_id) values (278, 49.64, 47, 332, 8);
insert into order_item (id, unit_price, quantity, order_id, product_id) values (279, 48.09, 8, 687, 74);
insert into order_item (id, unit_price, quantity, order_id, product_id) values (280, 49.54, 22, 319, 12);
insert into order_item (id, unit_price, quantity, order_id, product_id) values (281, 49.14, 23, 546, 30);
insert into order_item (id, unit_price, quantity, order_id, product_id) values (282, 38.39, 32, 260, 90);
insert into order_item (id, unit_price, quantity, order_id, product_id) values (283, 33.92, 14, 687, 37);
insert into order_item (id, unit_price, quantity, order_id, product_id) values (284, 40.49, 20, 636, 96);
insert into order_item (id, unit_price, quantity, order_id, product_id) values (285, 48.6, 40, 469, 7);
insert into order_item (id, unit_price, quantity, order_id, product_id) values (286, 29.43, 19, 322, 100);
insert into order_item (id, unit_price, quantity, order_id, product_id) values (287, 11.78, 48, 497, 21);
insert into order_item (id, unit_price, quantity, order_id, product_id) values (288, 18.12, 21, 36, 61);
insert into order_item (id, unit_price, quantity, order_id, product_id) values (289, 20.83, 39, 337, 76);
insert into order_item (id, unit_price, quantity, order_id, product_id) values (290, 17.67, 37, 144, 28);
insert into order_item (id, unit_price, quantity, order_id, product_id) values (291, 23.1, 22, 294, 90);
insert into order_item (id, unit_price, quantity, order_id, product_id) values (292, 33.64, 2, 563, 43);
insert into order_item (id, unit_price, quantity, order_id, product_id) values (293, 19.92, 41, 164, 49);
insert into order_item (id, unit_price, quantity, order_id, product_id) values (294, 11.2, 43, 481, 24);
insert into order_item (id, unit_price, quantity, order_id, product_id) values (295, 48.69, 36, 195, 93);
insert into order_item (id, unit_price, quantity, order_id, product_id) values (296, 38.19, 42, 501, 37);
insert into order_item (id, unit_price, quantity, order_id, product_id) values (297, 28.71, 11, 322, 63);
insert into order_item (id, unit_price, quantity, order_id, product_id) values (298, 33.53, 7, 654, 42);
insert into order_item (id, unit_price, quantity, order_id, product_id) values (299, 17.28, 5, 142, 81);
insert into order_item (id, unit_price, quantity, order_id, product_id) values (300, 24.08, 30, 91, 58);
insert into order_item (id, unit_price, quantity, order_id, product_id) values (301, 34.76, 27, 541, 12);
insert into order_item (id, unit_price, quantity, order_id, product_id) values (302, 46.17, 25, 622, 71);
insert into order_item (id, unit_price, quantity, order_id, product_id) values (303, 36.49, 4, 53, 34);
insert into order_item (id, unit_price, quantity, order_id, product_id) values (304, 30.33, 38, 748, 94);
insert into order_item (id, unit_price, quantity, order_id, product_id) values (305, 36.8, 32, 528, 85);
insert into order_item (id, unit_price, quantity, order_id, product_id) values (306, 34.73, 9, 483, 62);
insert into order_item (id, unit_price, quantity, order_id, product_id) values (307, 14.52, 38, 722, 82);
insert into order_item (id, unit_price, quantity, order_id, product_id) values (308, 32.73, 1, 130, 18);
insert into order_item (id, unit_price, quantity, order_id, product_id) values (309, 14.98, 21, 282, 82);
insert into order_item (id, unit_price, quantity, order_id, product_id) values (310, 37.67, 27, 126, 32);
insert into order_item (id, unit_price, quantity, order_id, product_id) values (311, 43.99, 35, 779, 42);
insert into order_item (id, unit_price, quantity, order_id, product_id) values (312, 42.39, 45, 625, 21);
insert into order_item (id, unit_price, quantity, order_id, product_id) values (313, 44.95, 4, 760, 97);
insert into order_item (id, unit_price, quantity, order_id, product_id) values (314, 49.98, 6, 117, 10);
insert into order_item (id, unit_price, quantity, order_id, product_id) values (315, 30.28, 46, 299, 86);
insert into order_item (id, unit_price, quantity, order_id, product_id) values (316, 40.39, 32, 696, 80);
insert into order_item (id, unit_price, quantity, order_id, product_id) values (317, 39.89, 39, 528, 78);
insert into order_item (id, unit_price, quantity, order_id, product_id) values (318, 44.48, 9, 473, 25);
insert into order_item (id, unit_price, quantity, order_id, product_id) values (319, 31.46, 11, 704, 84);
insert into order_item (id, unit_price, quantity, order_id, product_id) values (320, 18.82, 22, 615, 66);
insert into order_item (id, unit_price, quantity, order_id, product_id) values (321, 29.37, 3, 58, 12);
insert into order_item (id, unit_price, quantity, order_id, product_id) values (322, 17.06, 42, 598, 72);
insert into order_item (id, unit_price, quantity, order_id, product_id) values (323, 16.51, 10, 763, 4);
insert into order_item (id, unit_price, quantity, order_id, product_id) values (324, 45.28, 35, 71, 72);
insert into order_item (id, unit_price, quantity, order_id, product_id) values (325, 33.61, 25, 769, 9);
insert into order_item (id, unit_price, quantity, order_id, product_id) values (326, 10.18, 17, 92, 50);
insert into order_item (id, unit_price, quantity, order_id, product_id) values (327, 37.9, 9, 30, 69);
insert into order_item (id, unit_price, quantity, order_id, product_id) values (328, 10.08, 42, 392, 73);
insert into order_item (id, unit_price, quantity, order_id, product_id) values (329, 36.98, 5, 444, 11);
insert into order_item (id, unit_price, quantity, order_id, product_id) values (330, 45.96, 46, 415, 15);
insert into order_item (id, unit_price, quantity, order_id, product_id) values (331, 48.42, 46, 739, 78);
insert into order_item (id, unit_price, quantity, order_id, product_id) values (332, 34.03, 25, 262, 3);
insert into order_item (id, unit_price, quantity, order_id, product_id) values (333, 23.5, 46, 440, 8);
insert into order_item (id, unit_price, quantity, order_id, product_id) values (334, 49.07, 32, 437, 24);
insert into order_item (id, unit_price, quantity, order_id, product_id) values (335, 45.55, 26, 99, 77);
insert into order_item (id, unit_price, quantity, order_id, product_id) values (336, 49.96, 48, 458, 93);
insert into order_item (id, unit_price, quantity, order_id, product_id) values (337, 32.78, 7, 24, 63);
insert into order_item (id, unit_price, quantity, order_id, product_id) values (338, 48.46, 4, 235, 7);
insert into order_item (id, unit_price, quantity, order_id, product_id) values (339, 14.82, 38, 607, 17);
insert into order_item (id, unit_price, quantity, order_id, product_id) values (340, 46.1, 42, 661, 43);
insert into order_item (id, unit_price, quantity, order_id, product_id) values (341, 10.31, 6, 144, 27);
insert into order_item (id, unit_price, quantity, order_id, product_id) values (342, 31.35, 20, 576, 2);
insert into order_item (id, unit_price, quantity, order_id, product_id) values (343, 19.29, 4, 309, 70);
insert into order_item (id, unit_price, quantity, order_id, product_id) values (344, 22.24, 7, 690, 74);
insert into order_item (id, unit_price, quantity, order_id, product_id) values (345, 42.75, 42, 733, 72);
insert into order_item (id, unit_price, quantity, order_id, product_id) values (346, 32.86, 8, 56, 48);
insert into order_item (id, unit_price, quantity, order_id, product_id) values (347, 25.6, 22, 192, 22);
insert into order_item (id, unit_price, quantity, order_id, product_id) values (348, 29.34, 25, 66, 86);
insert into order_item (id, unit_price, quantity, order_id, product_id) values (349, 47.07, 37, 98, 28);
insert into order_item (id, unit_price, quantity, order_id, product_id) values (350, 42.73, 40, 600, 38);
insert into order_item (id, unit_price, quantity, order_id, product_id) values (351, 27.48, 15, 762, 39);
insert into order_item (id, unit_price, quantity, order_id, product_id) values (352, 22.65, 10, 678, 77);
insert into order_item (id, unit_price, quantity, order_id, product_id) values (353, 13.68, 11, 668, 51);
insert into order_item (id, unit_price, quantity, order_id, product_id) values (354, 35.78, 22, 162, 31);
insert into order_item (id, unit_price, quantity, order_id, product_id) values (355, 18.87, 16, 666, 27);
insert into order_item (id, unit_price, quantity, order_id, product_id) values (356, 39.26, 23, 71, 37);
insert into order_item (id, unit_price, quantity, order_id, product_id) values (357, 14.82, 35, 128, 78);
insert into order_item (id, unit_price, quantity, order_id, product_id) values (358, 11.14, 17, 366, 71);
insert into order_item (id, unit_price, quantity, order_id, product_id) values (359, 39.23, 24, 712, 37);
insert into order_item (id, unit_price, quantity, order_id, product_id) values (360, 12.11, 25, 550, 80);
insert into order_item (id, unit_price, quantity, order_id, product_id) values (361, 42.76, 32, 326, 47);
insert into order_item (id, unit_price, quantity, order_id, product_id) values (362, 37.74, 6, 183, 20);
insert into order_item (id, unit_price, quantity, order_id, product_id) values (363, 35.25, 19, 40, 27);
insert into order_item (id, unit_price, quantity, order_id, product_id) values (364, 49.15, 39, 138, 66);
insert into order_item (id, unit_price, quantity, order_id, product_id) values (365, 25.19, 17, 23, 16);
insert into order_item (id, unit_price, quantity, order_id, product_id) values (366, 17.84, 8, 125, 8);
insert into order_item (id, unit_price, quantity, order_id, product_id) values (367, 22.74, 27, 436, 18);
insert into order_item (id, unit_price, quantity, order_id, product_id) values (368, 18.71, 5, 589, 61);
insert into order_item (id, unit_price, quantity, order_id, product_id) values (369, 25.99, 47, 517, 90);
insert into order_item (id, unit_price, quantity, order_id, product_id) values (370, 33.75, 38, 132, 55);
insert into order_item (id, unit_price, quantity, order_id, product_id) values (371, 34.6, 47, 261, 22);
insert into order_item (id, unit_price, quantity, order_id, product_id) values (372, 31.62, 50, 358, 41);
insert into order_item (id, unit_price, quantity, order_id, product_id) values (373, 18.32, 11, 700, 66);
insert into order_item (id, unit_price, quantity, order_id, product_id) values (374, 33.4, 39, 667, 33);
insert into order_item (id, unit_price, quantity, order_id, product_id) values (375, 34.16, 47, 618, 44);
insert into order_item (id, unit_price, quantity, order_id, product_id) values (376, 40.8, 10, 781, 63);
insert into order_item (id, unit_price, quantity, order_id, product_id) values (377, 45.33, 1, 287, 87);
insert into order_item (id, unit_price, quantity, order_id, product_id) values (378, 47.24, 38, 13, 87);
insert into order_item (id, unit_price, quantity, order_id, product_id) values (379, 48.97, 12, 272, 72);
insert into order_item (id, unit_price, quantity, order_id, product_id) values (380, 44.38, 13, 757, 62);
insert into order_item (id, unit_price, quantity, order_id, product_id) values (381, 33.89, 13, 561, 40);
insert into order_item (id, unit_price, quantity, order_id, product_id) values (382, 42.43, 21, 513, 84);
insert into order_item (id, unit_price, quantity, order_id, product_id) values (383, 47.56, 21, 126, 34);
insert into order_item (id, unit_price, quantity, order_id, product_id) values (384, 35.78, 14, 161, 85);
insert into order_item (id, unit_price, quantity, order_id, product_id) values (385, 31.39, 49, 343, 27);
insert into order_item (id, unit_price, quantity, order_id, product_id) values (386, 29.88, 47, 131, 96);
insert into order_item (id, unit_price, quantity, order_id, product_id) values (387, 17.09, 5, 537, 47);
insert into order_item (id, unit_price, quantity, order_id, product_id) values (388, 34.56, 18, 791, 5);
insert into order_item (id, unit_price, quantity, order_id, product_id) values (389, 42.82, 25, 518, 29);
insert into order_item (id, unit_price, quantity, order_id, product_id) values (390, 23.52, 5, 141, 67);
insert into order_item (id, unit_price, quantity, order_id, product_id) values (391, 28.83, 5, 765, 18);
insert into order_item (id, unit_price, quantity, order_id, product_id) values (392, 19.99, 30, 388, 52);
insert into order_item (id, unit_price, quantity, order_id, product_id) values (393, 32.2, 5, 91, 41);
insert into order_item (id, unit_price, quantity, order_id, product_id) values (394, 47.65, 14, 130, 55);
insert into order_item (id, unit_price, quantity, order_id, product_id) values (395, 36.99, 18, 424, 29);
insert into order_item (id, unit_price, quantity, order_id, product_id) values (396, 24.6, 32, 100, 3);
insert into order_item (id, unit_price, quantity, order_id, product_id) values (397, 49.53, 8, 189, 64);
insert into order_item (id, unit_price, quantity, order_id, product_id) values (398, 28.84, 26, 653, 50);
insert into order_item (id, unit_price, quantity, order_id, product_id) values (399, 32.13, 1, 356, 72);
insert into order_item (id, unit_price, quantity, order_id, product_id) values (400, 32.72, 14, 617, 72);
insert into order_item (id, unit_price, quantity, order_id, product_id) values (401, 19.16, 46, 432, 22);
insert into order_item (id, unit_price, quantity, order_id, product_id) values (402, 16.24, 6, 696, 65);
insert into order_item (id, unit_price, quantity, order_id, product_id) values (403, 17.2, 49, 271, 85);
insert into order_item (id, unit_price, quantity, order_id, product_id) values (404, 14.95, 35, 659, 12);
insert into order_item (id, unit_price, quantity, order_id, product_id) values (405, 30.04, 3, 239, 11);
insert into order_item (id, unit_price, quantity, order_id, product_id) values (406, 43.64, 47, 138, 82);
insert into order_item (id, unit_price, quantity, order_id, product_id) values (407, 25.69, 17, 427, 57);
insert into order_item (id, unit_price, quantity, order_id, product_id) values (408, 44.69, 28, 233, 9);
insert into order_item (id, unit_price, quantity, order_id, product_id) values (409, 26.2, 38, 563, 89);
insert into order_item (id, unit_price, quantity, order_id, product_id) values (410, 48.8, 45, 705, 21);
insert into order_item (id, unit_price, quantity, order_id, product_id) values (411, 42.78, 31, 177, 61);
insert into order_item (id, unit_price, quantity, order_id, product_id) values (412, 11.72, 26, 678, 81);
insert into order_item (id, unit_price, quantity, order_id, product_id) values (413, 14.63, 3, 179, 19);
insert into order_item (id, unit_price, quantity, order_id, product_id) values (414, 36.85, 26, 666, 20);
insert into order_item (id, unit_price, quantity, order_id, product_id) values (415, 23.05, 9, 109, 84);
insert into order_item (id, unit_price, quantity, order_id, product_id) values (416, 46.08, 45, 472, 55);
insert into order_item (id, unit_price, quantity, order_id, product_id) values (417, 46.09, 32, 201, 69);
insert into order_item (id, unit_price, quantity, order_id, product_id) values (418, 31.52, 32, 162, 15);
insert into order_item (id, unit_price, quantity, order_id, product_id) values (419, 15.92, 44, 535, 69);
insert into order_item (id, unit_price, quantity, order_id, product_id) values (420, 11.36, 21, 391, 15);
insert into order_item (id, unit_price, quantity, order_id, product_id) values (421, 10.14, 48, 658, 54);
insert into order_item (id, unit_price, quantity, order_id, product_id) values (422, 29.39, 18, 55, 21);
insert into order_item (id, unit_price, quantity, order_id, product_id) values (423, 33.06, 30, 302, 64);
insert into order_item (id, unit_price, quantity, order_id, product_id) values (424, 48.51, 8, 371, 69);
insert into order_item (id, unit_price, quantity, order_id, product_id) values (425, 31.9, 44, 786, 13);
insert into order_item (id, unit_price, quantity, order_id, product_id) values (426, 28.19, 40, 484, 13);
insert into order_item (id, unit_price, quantity, order_id, product_id) values (427, 41.4, 33, 515, 35);
insert into order_item (id, unit_price, quantity, order_id, product_id) values (428, 11.76, 21, 608, 53);
insert into order_item (id, unit_price, quantity, order_id, product_id) values (429, 14.6, 3, 560, 58);
insert into order_item (id, unit_price, quantity, order_id, product_id) values (430, 10.63, 9, 501, 78);
insert into order_item (id, unit_price, quantity, order_id, product_id) values (431, 27.59, 32, 373, 54);
insert into order_item (id, unit_price, quantity, order_id, product_id) values (432, 15.63, 14, 511, 12);
insert into order_item (id, unit_price, quantity, order_id, product_id) values (433, 28.09, 41, 100, 77);
insert into order_item (id, unit_price, quantity, order_id, product_id) values (434, 13.78, 43, 127, 70);
insert into order_item (id, unit_price, quantity, order_id, product_id) values (435, 32.08, 1, 85, 9);
insert into order_item (id, unit_price, quantity, order_id, product_id) values (436, 36.79, 8, 113, 13);
insert into order_item (id, unit_price, quantity, order_id, product_id) values (437, 46.29, 22, 252, 47);
insert into order_item (id, unit_price, quantity, order_id, product_id) values (438, 29.25, 30, 103, 30);
insert into order_item (id, unit_price, quantity, order_id, product_id) values (439, 22.84, 6, 279, 6);
insert into order_item (id, unit_price, quantity, order_id, product_id) values (440, 10.98, 19, 721, 94);
insert into order_item (id, unit_price, quantity, order_id, product_id) values (441, 32.66, 23, 327, 42);
insert into order_item (id, unit_price, quantity, order_id, product_id) values (442, 16.71, 40, 208, 82);
insert into order_item (id, unit_price, quantity, order_id, product_id) values (443, 15.42, 7, 533, 100);
insert into order_item (id, unit_price, quantity, order_id, product_id) values (444, 29.16, 47, 55, 69);
insert into order_item (id, unit_price, quantity, order_id, product_id) values (445, 16.1, 17, 325, 13);
insert into order_item (id, unit_price, quantity, order_id, product_id) values (446, 15.26, 13, 257, 48);
insert into order_item (id, unit_price, quantity, order_id, product_id) values (447, 47.6, 15, 137, 74);
insert into order_item (id, unit_price, quantity, order_id, product_id) values (448, 44.44, 11, 489, 75);
insert into order_item (id, unit_price, quantity, order_id, product_id) values (449, 29.33, 8, 85, 58);
insert into order_item (id, unit_price, quantity, order_id, product_id) values (450, 49.77, 26, 104, 46);
insert into order_item (id, unit_price, quantity, order_id, product_id) values (451, 30.33, 39, 7, 26);
insert into order_item (id, unit_price, quantity, order_id, product_id) values (452, 30.05, 34, 547, 39);
insert into order_item (id, unit_price, quantity, order_id, product_id) values (453, 15.13, 34, 457, 85);
insert into order_item (id, unit_price, quantity, order_id, product_id) values (454, 31.17, 21, 189, 27);
insert into order_item (id, unit_price, quantity, order_id, product_id) values (455, 42.79, 14, 412, 39);
insert into order_item (id, unit_price, quantity, order_id, product_id) values (456, 42.06, 40, 215, 19);
insert into order_item (id, unit_price, quantity, order_id, product_id) values (457, 48.86, 43, 152, 92);
insert into order_item (id, unit_price, quantity, order_id, product_id) values (458, 20.59, 34, 627, 5);
insert into order_item (id, unit_price, quantity, order_id, product_id) values (459, 19.29, 13, 352, 62);
insert into order_item (id, unit_price, quantity, order_id, product_id) values (460, 49.65, 12, 373, 7);
insert into order_item (id, unit_price, quantity, order_id, product_id) values (461, 29.38, 26, 556, 58);
insert into order_item (id, unit_price, quantity, order_id, product_id) values (462, 16.66, 31, 200, 68);
insert into order_item (id, unit_price, quantity, order_id, product_id) values (463, 33.81, 20, 706, 65);
insert into order_item (id, unit_price, quantity, order_id, product_id) values (464, 33.92, 49, 736, 9);
insert into order_item (id, unit_price, quantity, order_id, product_id) values (465, 10.76, 35, 11, 64);
insert into order_item (id, unit_price, quantity, order_id, product_id) values (466, 31.39, 7, 152, 40);
insert into order_item (id, unit_price, quantity, order_id, product_id) values (467, 17.54, 37, 769, 87);
insert into order_item (id, unit_price, quantity, order_id, product_id) values (468, 25.18, 7, 241, 39);
insert into order_item (id, unit_price, quantity, order_id, product_id) values (469, 40.46, 9, 633, 48);
insert into order_item (id, unit_price, quantity, order_id, product_id) values (470, 49.83, 10, 427, 44);
insert into order_item (id, unit_price, quantity, order_id, product_id) values (471, 30.63, 15, 777, 5);
insert into order_item (id, unit_price, quantity, order_id, product_id) values (472, 13.87, 48, 396, 100);
insert into order_item (id, unit_price, quantity, order_id, product_id) values (473, 48.21, 26, 676, 5);
insert into order_item (id, unit_price, quantity, order_id, product_id) values (474, 25.83, 14, 286, 33);
insert into order_item (id, unit_price, quantity, order_id, product_id) values (475, 42.25, 37, 594, 91);
insert into order_item (id, unit_price, quantity, order_id, product_id) values (476, 22.8, 41, 180, 77);
insert into order_item (id, unit_price, quantity, order_id, product_id) values (477, 34.74, 33, 549, 49);
insert into order_item (id, unit_price, quantity, order_id, product_id) values (478, 26.84, 24, 452, 47);
insert into order_item (id, unit_price, quantity, order_id, product_id) values (479, 44.37, 40, 633, 79);
insert into order_item (id, unit_price, quantity, order_id, product_id) values (480, 31.51, 30, 311, 59);
insert into order_item (id, unit_price, quantity, order_id, product_id) values (481, 14.58, 5, 796, 40);
insert into order_item (id, unit_price, quantity, order_id, product_id) values (482, 45.77, 7, 550, 92);
insert into order_item (id, unit_price, quantity, order_id, product_id) values (483, 23.15, 31, 179, 34);
insert into order_item (id, unit_price, quantity, order_id, product_id) values (484, 33.52, 38, 125, 54);
insert into order_item (id, unit_price, quantity, order_id, product_id) values (485, 39.05, 24, 70, 15);
insert into order_item (id, unit_price, quantity, order_id, product_id) values (486, 17.59, 17, 298, 16);
insert into order_item (id, unit_price, quantity, order_id, product_id) values (487, 33.6, 12, 783, 26);
insert into order_item (id, unit_price, quantity, order_id, product_id) values (488, 10.12, 6, 157, 57);
insert into order_item (id, unit_price, quantity, order_id, product_id) values (489, 16.43, 22, 595, 52);
insert into order_item (id, unit_price, quantity, order_id, product_id) values (490, 20.25, 49, 657, 7);
insert into order_item (id, unit_price, quantity, order_id, product_id) values (491, 18.17, 50, 415, 37);
insert into order_item (id, unit_price, quantity, order_id, product_id) values (492, 34.67, 2, 6, 20);
insert into order_item (id, unit_price, quantity, order_id, product_id) values (493, 40.0, 11, 237, 39);
insert into order_item (id, unit_price, quantity, order_id, product_id) values (494, 13.07, 13, 580, 32);
insert into order_item (id, unit_price, quantity, order_id, product_id) values (495, 32.3, 14, 697, 73);
insert into order_item (id, unit_price, quantity, order_id, product_id) values (496, 27.42, 9, 541, 50);
insert into order_item (id, unit_price, quantity, order_id, product_id) values (497, 20.61, 4, 270, 22);
insert into order_item (id, unit_price, quantity, order_id, product_id) values (498, 42.44, 36, 573, 100);
insert into order_item (id, unit_price, quantity, order_id, product_id) values (499, 22.82, 11, 184, 73);
insert into order_item (id, unit_price, quantity, order_id, product_id) values (500, 10.08, 24, 754, 24);
insert into order_item (id, unit_price, quantity, order_id, product_id) values (501, 39.47, 33, 561, 70);
insert into order_item (id, unit_price, quantity, order_id, product_id) values (502, 25.1, 23, 619, 92);
insert into order_item (id, unit_price, quantity, order_id, product_id) values (503, 10.33, 30, 127, 8);
insert into order_item (id, unit_price, quantity, order_id, product_id) values (504, 39.76, 47, 135, 53);
insert into order_item (id, unit_price, quantity, order_id, product_id) values (505, 46.02, 7, 170, 2);
insert into order_item (id, unit_price, quantity, order_id, product_id) values (506, 13.82, 4, 629, 3);
insert into order_item (id, unit_price, quantity, order_id, product_id) values (507, 34.35, 22, 142, 42);
insert into order_item (id, unit_price, quantity, order_id, product_id) values (508, 41.85, 41, 150, 24);
insert into order_item (id, unit_price, quantity, order_id, product_id) values (509, 12.6, 14, 307, 33);
insert into order_item (id, unit_price, quantity, order_id, product_id) values (510, 35.11, 26, 625, 62);
insert into order_item (id, unit_price, quantity, order_id, product_id) values (511, 47.32, 49, 710, 33);
insert into order_item (id, unit_price, quantity, order_id, product_id) values (512, 24.31, 6, 652, 85);
insert into order_item (id, unit_price, quantity, order_id, product_id) values (513, 49.77, 12, 104, 45);
insert into order_item (id, unit_price, quantity, order_id, product_id) values (514, 34.82, 32, 112, 50);
insert into order_item (id, unit_price, quantity, order_id, product_id) values (515, 41.07, 25, 427, 8);
insert into order_item (id, unit_price, quantity, order_id, product_id) values (516, 11.34, 28, 211, 16);
insert into order_item (id, unit_price, quantity, order_id, product_id) values (517, 40.99, 26, 90, 53);
insert into order_item (id, unit_price, quantity, order_id, product_id) values (518, 16.47, 19, 208, 86);
insert into order_item (id, unit_price, quantity, order_id, product_id) values (519, 49.28, 35, 779, 36);
insert into order_item (id, unit_price, quantity, order_id, product_id) values (520, 11.41, 10, 300, 44);
insert into order_item (id, unit_price, quantity, order_id, product_id) values (521, 42.77, 49, 270, 11);
insert into order_item (id, unit_price, quantity, order_id, product_id) values (522, 31.54, 48, 321, 81);
insert into order_item (id, unit_price, quantity, order_id, product_id) values (523, 30.38, 39, 287, 49);
insert into order_item (id, unit_price, quantity, order_id, product_id) values (524, 48.95, 43, 695, 93);
insert into order_item (id, unit_price, quantity, order_id, product_id) values (525, 24.5, 19, 146, 88);
insert into order_item (id, unit_price, quantity, order_id, product_id) values (526, 24.65, 31, 341, 13);
insert into order_item (id, unit_price, quantity, order_id, product_id) values (527, 44.09, 38, 441, 38);
insert into order_item (id, unit_price, quantity, order_id, product_id) values (528, 41.34, 2, 13, 96);
insert into order_item (id, unit_price, quantity, order_id, product_id) values (529, 29.66, 43, 138, 59);
insert into order_item (id, unit_price, quantity, order_id, product_id) values (530, 33.46, 30, 575, 37);
insert into order_item (id, unit_price, quantity, order_id, product_id) values (531, 19.85, 19, 12, 69);
insert into order_item (id, unit_price, quantity, order_id, product_id) values (532, 35.05, 17, 424, 34);
insert into order_item (id, unit_price, quantity, order_id, product_id) values (533, 42.07, 50, 10, 14);
insert into order_item (id, unit_price, quantity, order_id, product_id) values (534, 14.61, 37, 169, 84);
insert into order_item (id, unit_price, quantity, order_id, product_id) values (535, 48.16, 50, 401, 89);
insert into order_item (id, unit_price, quantity, order_id, product_id) values (536, 26.8, 45, 317, 33);
insert into order_item (id, unit_price, quantity, order_id, product_id) values (537, 15.38, 12, 750, 9);
insert into order_item (id, unit_price, quantity, order_id, product_id) values (538, 19.88, 4, 533, 68);
insert into order_item (id, unit_price, quantity, order_id, product_id) values (539, 14.5, 48, 391, 44);
insert into order_item (id, unit_price, quantity, order_id, product_id) values (540, 20.5, 49, 672, 7);
insert into order_item (id, unit_price, quantity, order_id, product_id) values (541, 32.82, 34, 76, 70);
insert into order_item (id, unit_price, quantity, order_id, product_id) values (542, 49.57, 50, 392, 49);
insert into order_item (id, unit_price, quantity, order_id, product_id) values (543, 45.58, 42, 669, 58);
insert into order_item (id, unit_price, quantity, order_id, product_id) values (544, 23.68, 13, 723, 57);
insert into order_item (id, unit_price, quantity, order_id, product_id) values (545, 44.44, 23, 251, 5);
insert into order_item (id, unit_price, quantity, order_id, product_id) values (546, 24.67, 47, 615, 62);
insert into order_item (id, unit_price, quantity, order_id, product_id) values (547, 31.27, 43, 567, 30);
insert into order_item (id, unit_price, quantity, order_id, product_id) values (548, 40.64, 41, 577, 89);
insert into order_item (id, unit_price, quantity, order_id, product_id) values (549, 16.13, 11, 454, 9);
insert into order_item (id, unit_price, quantity, order_id, product_id) values (550, 23.02, 38, 671, 87);
insert into order_item (id, unit_price, quantity, order_id, product_id) values (551, 40.51, 30, 117, 96);
insert into order_item (id, unit_price, quantity, order_id, product_id) values (552, 29.43, 39, 423, 54);
insert into order_item (id, unit_price, quantity, order_id, product_id) values (553, 36.06, 4, 599, 10);
insert into order_item (id, unit_price, quantity, order_id, product_id) values (554, 40.17, 24, 460, 70);
insert into order_item (id, unit_price, quantity, order_id, product_id) values (555, 15.76, 9, 167, 9);
insert into order_item (id, unit_price, quantity, order_id, product_id) values (556, 25.08, 27, 138, 4);
insert into order_item (id, unit_price, quantity, order_id, product_id) values (557, 18.13, 11, 753, 55);
insert into order_item (id, unit_price, quantity, order_id, product_id) values (558, 16.58, 30, 621, 7);
insert into order_item (id, unit_price, quantity, order_id, product_id) values (559, 40.95, 10, 567, 95);
insert into order_item (id, unit_price, quantity, order_id, product_id) values (560, 19.59, 49, 442, 61);
insert into order_item (id, unit_price, quantity, order_id, product_id) values (561, 19.6, 46, 75, 12);
insert into order_item (id, unit_price, quantity, order_id, product_id) values (562, 26.76, 20, 765, 2);
insert into order_item (id, unit_price, quantity, order_id, product_id) values (563, 44.7, 26, 616, 89);
insert into order_item (id, unit_price, quantity, order_id, product_id) values (564, 31.56, 13, 638, 63);
insert into order_item (id, unit_price, quantity, order_id, product_id) values (565, 14.36, 13, 89, 63);
insert into order_item (id, unit_price, quantity, order_id, product_id) values (566, 38.14, 36, 759, 23);
insert into order_item (id, unit_price, quantity, order_id, product_id) values (567, 33.76, 35, 173, 75);
insert into order_item (id, unit_price, quantity, order_id, product_id) values (568, 22.62, 21, 70, 17);
insert into order_item (id, unit_price, quantity, order_id, product_id) values (569, 15.99, 33, 252, 50);
insert into order_item (id, unit_price, quantity, order_id, product_id) values (570, 23.28, 27, 744, 73);
insert into order_item (id, unit_price, quantity, order_id, product_id) values (571, 33.29, 3, 288, 94);
insert into order_item (id, unit_price, quantity, order_id, product_id) values (572, 11.43, 49, 484, 44);
insert into order_item (id, unit_price, quantity, order_id, product_id) values (573, 25.04, 42, 126, 73);
insert into order_item (id, unit_price, quantity, order_id, product_id) values (574, 12.48, 24, 726, 92);
insert into order_item (id, unit_price, quantity, order_id, product_id) values (575, 49.11, 27, 381, 34);
insert into order_item (id, unit_price, quantity, order_id, product_id) values (576, 12.73, 2, 307, 7);
insert into order_item (id, unit_price, quantity, order_id, product_id) values (577, 36.22, 6, 213, 17);
insert into order_item (id, unit_price, quantity, order_id, product_id) values (578, 34.68, 28, 771, 29);
insert into order_item (id, unit_price, quantity, order_id, product_id) values (579, 10.17, 38, 363, 3);
insert into order_item (id, unit_price, quantity, order_id, product_id) values (580, 24.87, 27, 497, 55);
insert into order_item (id, unit_price, quantity, order_id, product_id) values (581, 14.14, 29, 13, 86);
insert into order_item (id, unit_price, quantity, order_id, product_id) values (582, 11.84, 40, 677, 57);
insert into order_item (id, unit_price, quantity, order_id, product_id) values (583, 22.11, 30, 437, 19);
insert into order_item (id, unit_price, quantity, order_id, product_id) values (584, 44.15, 3, 724, 26);
insert into order_item (id, unit_price, quantity, order_id, product_id) values (585, 16.33, 24, 378, 67);
insert into order_item (id, unit_price, quantity, order_id, product_id) values (586, 47.56, 43, 752, 38);
insert into order_item (id, unit_price, quantity, order_id, product_id) values (587, 27.68, 49, 208, 45);
insert into order_item (id, unit_price, quantity, order_id, product_id) values (588, 47.02, 34, 29, 27);
insert into order_item (id, unit_price, quantity, order_id, product_id) values (589, 27.2, 2, 219, 39);
insert into order_item (id, unit_price, quantity, order_id, product_id) values (590, 25.8, 29, 185, 93);
insert into order_item (id, unit_price, quantity, order_id, product_id) values (591, 40.43, 2, 12, 45);
insert into order_item (id, unit_price, quantity, order_id, product_id) values (592, 11.37, 10, 104, 63);
insert into order_item (id, unit_price, quantity, order_id, product_id) values (593, 48.78, 42, 686, 95);
insert into order_item (id, unit_price, quantity, order_id, product_id) values (594, 42.32, 11, 215, 25);
insert into order_item (id, unit_price, quantity, order_id, product_id) values (595, 32.11, 31, 270, 24);
insert into order_item (id, unit_price, quantity, order_id, product_id) values (596, 47.68, 41, 156, 88);
insert into order_item (id, unit_price, quantity, order_id, product_id) values (597, 12.27, 33, 646, 7);
insert into order_item (id, unit_price, quantity, order_id, product_id) values (598, 29.74, 43, 60, 65);
insert into order_item (id, unit_price, quantity, order_id, product_id) values (599, 13.42, 43, 179, 94);
insert into order_item (id, unit_price, quantity, order_id, product_id) values (600, 33.59, 29, 74, 51);
insert into order_item (id, unit_price, quantity, order_id, product_id) values (601, 12.89, 35, 202, 99);
insert into order_item (id, unit_price, quantity, order_id, product_id) values (602, 43.89, 40, 65, 97);
insert into order_item (id, unit_price, quantity, order_id, product_id) values (603, 48.64, 34, 783, 19);
insert into order_item (id, unit_price, quantity, order_id, product_id) values (604, 49.76, 18, 605, 87);
insert into order_item (id, unit_price, quantity, order_id, product_id) values (605, 16.74, 41, 393, 13);
insert into order_item (id, unit_price, quantity, order_id, product_id) values (606, 12.59, 46, 146, 93);
insert into order_item (id, unit_price, quantity, order_id, product_id) values (607, 37.66, 25, 754, 45);
insert into order_item (id, unit_price, quantity, order_id, product_id) values (608, 26.4, 2, 397, 4);
insert into order_item (id, unit_price, quantity, order_id, product_id) values (609, 47.05, 41, 8, 40);
insert into order_item (id, unit_price, quantity, order_id, product_id) values (610, 19.52, 3, 521, 38);
insert into order_item (id, unit_price, quantity, order_id, product_id) values (611, 10.21, 25, 247, 63);
insert into order_item (id, unit_price, quantity, order_id, product_id) values (612, 22.6, 3, 332, 21);
insert into order_item (id, unit_price, quantity, order_id, product_id) values (613, 42.03, 21, 639, 20);
insert into order_item (id, unit_price, quantity, order_id, product_id) values (614, 45.31, 44, 155, 62);
insert into order_item (id, unit_price, quantity, order_id, product_id) values (615, 38.53, 33, 592, 65);
insert into order_item (id, unit_price, quantity, order_id, product_id) values (616, 49.64, 27, 598, 74);
insert into order_item (id, unit_price, quantity, order_id, product_id) values (617, 14.97, 25, 615, 2);
insert into order_item (id, unit_price, quantity, order_id, product_id) values (618, 43.2, 38, 242, 36);
insert into order_item (id, unit_price, quantity, order_id, product_id) values (619, 34.52, 17, 314, 89);
insert into order_item (id, unit_price, quantity, order_id, product_id) values (620, 20.71, 45, 313, 19);
insert into order_item (id, unit_price, quantity, order_id, product_id) values (621, 24.32, 26, 784, 92);
insert into order_item (id, unit_price, quantity, order_id, product_id) values (622, 28.9, 31, 534, 2);
insert into order_item (id, unit_price, quantity, order_id, product_id) values (623, 21.75, 29, 604, 53);
insert into order_item (id, unit_price, quantity, order_id, product_id) values (624, 17.53, 1, 759, 38);
insert into order_item (id, unit_price, quantity, order_id, product_id) values (625, 42.56, 38, 319, 8);
insert into order_item (id, unit_price, quantity, order_id, product_id) values (626, 12.08, 28, 663, 87);
insert into order_item (id, unit_price, quantity, order_id, product_id) values (627, 13.38, 16, 318, 35);
insert into order_item (id, unit_price, quantity, order_id, product_id) values (628, 38.82, 36, 76, 43);
insert into order_item (id, unit_price, quantity, order_id, product_id) values (629, 45.19, 14, 242, 37);
insert into order_item (id, unit_price, quantity, order_id, product_id) values (630, 13.43, 3, 663, 32);
insert into order_item (id, unit_price, quantity, order_id, product_id) values (631, 13.26, 4, 295, 73);
insert into order_item (id, unit_price, quantity, order_id, product_id) values (632, 10.18, 26, 559, 68);
insert into order_item (id, unit_price, quantity, order_id, product_id) values (633, 30.78, 19, 574, 7);
insert into order_item (id, unit_price, quantity, order_id, product_id) values (634, 32.24, 3, 525, 75);
insert into order_item (id, unit_price, quantity, order_id, product_id) values (635, 26.96, 39, 314, 89);
insert into order_item (id, unit_price, quantity, order_id, product_id) values (636, 39.41, 3, 521, 9);
insert into order_item (id, unit_price, quantity, order_id, product_id) values (637, 14.34, 49, 208, 38);
insert into order_item (id, unit_price, quantity, order_id, product_id) values (638, 45.61, 12, 412, 80);
insert into order_item (id, unit_price, quantity, order_id, product_id) values (639, 16.85, 32, 160, 17);
insert into order_item (id, unit_price, quantity, order_id, product_id) values (640, 29.17, 42, 648, 61);
insert into order_item (id, unit_price, quantity, order_id, product_id) values (641, 31.0, 46, 136, 86);
insert into order_item (id, unit_price, quantity, order_id, product_id) values (642, 12.57, 40, 600, 53);
insert into order_item (id, unit_price, quantity, order_id, product_id) values (643, 48.88, 4, 197, 52);
insert into order_item (id, unit_price, quantity, order_id, product_id) values (644, 47.75, 13, 525, 15);
insert into order_item (id, unit_price, quantity, order_id, product_id) values (645, 12.73, 36, 361, 5);
insert into order_item (id, unit_price, quantity, order_id, product_id) values (646, 27.3, 6, 665, 14);
insert into order_item (id, unit_price, quantity, order_id, product_id) values (647, 21.19, 26, 270, 71);
insert into order_item (id, unit_price, quantity, order_id, product_id) values (648, 43.2, 26, 85, 12);
insert into order_item (id, unit_price, quantity, order_id, product_id) values (649, 34.29, 21, 641, 8);
insert into order_item (id, unit_price, quantity, order_id, product_id) values (650, 20.08, 10, 674, 83);
insert into order_item (id, unit_price, quantity, order_id, product_id) values (651, 12.04, 19, 393, 91);
insert into order_item (id, unit_price, quantity, order_id, product_id) values (652, 41.46, 29, 772, 65);
insert into order_item (id, unit_price, quantity, order_id, product_id) values (653, 21.36, 15, 213, 16);
insert into order_item (id, unit_price, quantity, order_id, product_id) values (654, 15.22, 9, 720, 22);
insert into order_item (id, unit_price, quantity, order_id, product_id) values (655, 30.53, 22, 189, 96);
insert into order_item (id, unit_price, quantity, order_id, product_id) values (656, 41.15, 18, 120, 14);
insert into order_item (id, unit_price, quantity, order_id, product_id) values (657, 45.26, 43, 688, 89);
insert into order_item (id, unit_price, quantity, order_id, product_id) values (658, 39.08, 43, 357, 1);
insert into order_item (id, unit_price, quantity, order_id, product_id) values (659, 34.66, 26, 627, 7);
insert into order_item (id, unit_price, quantity, order_id, product_id) values (660, 42.15, 16, 177, 34);
insert into order_item (id, unit_price, quantity, order_id, product_id) values (661, 45.53, 28, 50, 50);
insert into order_item (id, unit_price, quantity, order_id, product_id) values (662, 28.71, 16, 491, 71);
insert into order_item (id, unit_price, quantity, order_id, product_id) values (663, 35.91, 6, 147, 30);
insert into order_item (id, unit_price, quantity, order_id, product_id) values (664, 29.3, 26, 650, 2);
insert into order_item (id, unit_price, quantity, order_id, product_id) values (665, 16.95, 26, 559, 97);
insert into order_item (id, unit_price, quantity, order_id, product_id) values (666, 38.96, 39, 156, 74);
insert into order_item (id, unit_price, quantity, order_id, product_id) values (667, 46.69, 8, 119, 79);
insert into order_item (id, unit_price, quantity, order_id, product_id) values (668, 12.43, 28, 676, 7);
insert into order_item (id, unit_price, quantity, order_id, product_id) values (669, 35.73, 32, 84, 17);
insert into order_item (id, unit_price, quantity, order_id, product_id) values (670, 32.78, 15, 434, 1);
insert into order_item (id, unit_price, quantity, order_id, product_id) values (671, 37.47, 45, 300, 74);
insert into order_item (id, unit_price, quantity, order_id, product_id) values (672, 10.25, 7, 93, 78);
insert into order_item (id, unit_price, quantity, order_id, product_id) values (673, 49.48, 33, 139, 92);
insert into order_item (id, unit_price, quantity, order_id, product_id) values (674, 21.95, 16, 410, 71);
insert into order_item (id, unit_price, quantity, order_id, product_id) values (675, 40.63, 15, 188, 19);
insert into order_item (id, unit_price, quantity, order_id, product_id) values (676, 30.18, 46, 631, 57);
insert into order_item (id, unit_price, quantity, order_id, product_id) values (677, 33.99, 15, 414, 12);
insert into order_item (id, unit_price, quantity, order_id, product_id) values (678, 22.42, 4, 529, 84);
insert into order_item (id, unit_price, quantity, order_id, product_id) values (679, 41.81, 27, 349, 13);
insert into order_item (id, unit_price, quantity, order_id, product_id) values (680, 22.8, 33, 54, 40);
insert into order_item (id, unit_price, quantity, order_id, product_id) values (681, 49.15, 9, 318, 75);
insert into order_item (id, unit_price, quantity, order_id, product_id) values (682, 23.36, 35, 556, 88);
insert into order_item (id, unit_price, quantity, order_id, product_id) values (683, 11.12, 15, 269, 71);
insert into order_item (id, unit_price, quantity, order_id, product_id) values (684, 29.35, 38, 163, 11);
insert into order_item (id, unit_price, quantity, order_id, product_id) values (685, 17.45, 47, 300, 82);
insert into order_item (id, unit_price, quantity, order_id, product_id) values (686, 38.68, 36, 720, 59);
insert into order_item (id, unit_price, quantity, order_id, product_id) values (687, 20.72, 34, 503, 17);
insert into order_item (id, unit_price, quantity, order_id, product_id) values (688, 37.47, 2, 268, 17);
insert into order_item (id, unit_price, quantity, order_id, product_id) values (689, 23.36, 17, 177, 64);
insert into order_item (id, unit_price, quantity, order_id, product_id) values (690, 25.27, 3, 548, 94);
insert into order_item (id, unit_price, quantity, order_id, product_id) values (691, 44.53, 19, 746, 100);
insert into order_item (id, unit_price, quantity, order_id, product_id) values (692, 35.8, 33, 484, 26);
insert into order_item (id, unit_price, quantity, order_id, product_id) values (693, 10.25, 42, 322, 49);
insert into order_item (id, unit_price, quantity, order_id, product_id) values (694, 12.78, 36, 649, 37);
insert into order_item (id, unit_price, quantity, order_id, product_id) values (695, 24.84, 44, 444, 28);
insert into order_item (id, unit_price, quantity, order_id, product_id) values (696, 17.5, 44, 135, 74);
insert into order_item (id, unit_price, quantity, order_id, product_id) values (697, 31.24, 7, 512, 19);
insert into order_item (id, unit_price, quantity, order_id, product_id) values (698, 40.82, 48, 519, 68);
insert into order_item (id, unit_price, quantity, order_id, product_id) values (699, 22.79, 20, 447, 35);
insert into order_item (id, unit_price, quantity, order_id, product_id) values (700, 21.57, 16, 402, 26);
insert into order_item (id, unit_price, quantity, order_id, product_id) values (701, 48.8, 6, 607, 79);
insert into order_item (id, unit_price, quantity, order_id, product_id) values (702, 32.7, 24, 212, 46);
insert into order_item (id, unit_price, quantity, order_id, product_id) values (703, 35.2, 44, 346, 37);
insert into order_item (id, unit_price, quantity, order_id, product_id) values (704, 28.49, 17, 399, 55);
insert into order_item (id, unit_price, quantity, order_id, product_id) values (705, 41.97, 36, 677, 84);
insert into order_item (id, unit_price, quantity, order_id, product_id) values (706, 14.13, 10, 567, 10);
insert into order_item (id, unit_price, quantity, order_id, product_id) values (707, 25.88, 29, 282, 66);
insert into order_item (id, unit_price, quantity, order_id, product_id) values (708, 49.65, 15, 777, 88);
insert into order_item (id, unit_price, quantity, order_id, product_id) values (709, 36.25, 11, 798, 98);
insert into order_item (id, unit_price, quantity, order_id, product_id) values (710, 28.44, 20, 230, 2);
insert into order_item (id, unit_price, quantity, order_id, product_id) values (711, 38.65, 17, 137, 68);
insert into order_item (id, unit_price, quantity, order_id, product_id) values (712, 16.12, 49, 217, 48);
insert into order_item (id, unit_price, quantity, order_id, product_id) values (713, 42.03, 49, 294, 38);
insert into order_item (id, unit_price, quantity, order_id, product_id) values (714, 14.83, 7, 544, 90);
insert into order_item (id, unit_price, quantity, order_id, product_id) values (715, 31.81, 32, 177, 93);
insert into order_item (id, unit_price, quantity, order_id, product_id) values (716, 38.31, 20, 695, 96);
insert into order_item (id, unit_price, quantity, order_id, product_id) values (717, 44.86, 48, 457, 35);
insert into order_item (id, unit_price, quantity, order_id, product_id) values (718, 11.13, 10, 416, 66);
insert into order_item (id, unit_price, quantity, order_id, product_id) values (719, 43.71, 49, 628, 57);
insert into order_item (id, unit_price, quantity, order_id, product_id) values (720, 47.11, 29, 108, 34);
insert into order_item (id, unit_price, quantity, order_id, product_id) values (721, 14.88, 34, 158, 99);
insert into order_item (id, unit_price, quantity, order_id, product_id) values (722, 41.46, 19, 163, 44);
insert into order_item (id, unit_price, quantity, order_id, product_id) values (723, 41.28, 43, 343, 17);
insert into order_item (id, unit_price, quantity, order_id, product_id) values (724, 48.01, 4, 402, 67);
insert into order_item (id, unit_price, quantity, order_id, product_id) values (725, 49.68, 31, 36, 10);
insert into order_item (id, unit_price, quantity, order_id, product_id) values (726, 30.62, 24, 514, 10);
insert into order_item (id, unit_price, quantity, order_id, product_id) values (727, 22.24, 25, 291, 68);
insert into order_item (id, unit_price, quantity, order_id, product_id) values (728, 22.73, 10, 739, 88);
insert into order_item (id, unit_price, quantity, order_id, product_id) values (729, 14.34, 5, 537, 10);
insert into order_item (id, unit_price, quantity, order_id, product_id) values (730, 43.2, 22, 531, 13);
insert into order_item (id, unit_price, quantity, order_id, product_id) values (731, 45.09, 46, 520, 47);
insert into order_item (id, unit_price, quantity, order_id, product_id) values (732, 37.51, 14, 227, 71);
insert into order_item (id, unit_price, quantity, order_id, product_id) values (733, 16.48, 11, 543, 86);
insert into order_item (id, unit_price, quantity, order_id, product_id) values (734, 35.31, 33, 83, 40);
insert into order_item (id, unit_price, quantity, order_id, product_id) values (735, 23.22, 48, 352, 34);
insert into order_item (id, unit_price, quantity, order_id, product_id) values (736, 18.61, 20, 773, 45);
insert into order_item (id, unit_price, quantity, order_id, product_id) values (737, 38.46, 32, 490, 23);
insert into order_item (id, unit_price, quantity, order_id, product_id) values (738, 48.63, 15, 490, 10);
insert into order_item (id, unit_price, quantity, order_id, product_id) values (739, 44.48, 24, 331, 37);
insert into order_item (id, unit_price, quantity, order_id, product_id) values (740, 42.17, 30, 797, 61);
insert into order_item (id, unit_price, quantity, order_id, product_id) values (741, 12.96, 29, 183, 80);
insert into order_item (id, unit_price, quantity, order_id, product_id) values (742, 29.83, 27, 67, 91);
insert into order_item (id, unit_price, quantity, order_id, product_id) values (743, 42.68, 26, 298, 60);
insert into order_item (id, unit_price, quantity, order_id, product_id) values (744, 40.94, 26, 594, 92);
insert into order_item (id, unit_price, quantity, order_id, product_id) values (745, 41.71, 48, 317, 31);
insert into order_item (id, unit_price, quantity, order_id, product_id) values (746, 14.67, 24, 339, 26);
insert into order_item (id, unit_price, quantity, order_id, product_id) values (747, 35.63, 9, 778, 76);
insert into order_item (id, unit_price, quantity, order_id, product_id) values (748, 24.4, 9, 439, 36);
insert into order_item (id, unit_price, quantity, order_id, product_id) values (749, 49.81, 38, 368, 17);
insert into order_item (id, unit_price, quantity, order_id, product_id) values (750, 22.03, 36, 246, 77);
insert into order_item (id, unit_price, quantity, order_id, product_id) values (751, 35.2, 32, 422, 83);
insert into order_item (id, unit_price, quantity, order_id, product_id) values (752, 22.11, 2, 419, 78);
insert into order_item (id, unit_price, quantity, order_id, product_id) values (753, 34.65, 41, 296, 97);
insert into order_item (id, unit_price, quantity, order_id, product_id) values (754, 15.71, 22, 522, 44);
insert into order_item (id, unit_price, quantity, order_id, product_id) values (755, 39.85, 12, 72, 76);
insert into order_item (id, unit_price, quantity, order_id, product_id) values (756, 23.14, 35, 568, 66);
insert into order_item (id, unit_price, quantity, order_id, product_id) values (757, 37.39, 47, 306, 80);
insert into order_item (id, unit_price, quantity, order_id, product_id) values (758, 48.66, 47, 475, 56);
insert into order_item (id, unit_price, quantity, order_id, product_id) values (759, 17.17, 4, 645, 51);
insert into order_item (id, unit_price, quantity, order_id, product_id) values (760, 48.18, 22, 550, 93);
insert into order_item (id, unit_price, quantity, order_id, product_id) values (761, 21.72, 3, 721, 94);
insert into order_item (id, unit_price, quantity, order_id, product_id) values (762, 28.21, 15, 243, 74);
insert into order_item (id, unit_price, quantity, order_id, product_id) values (763, 41.35, 34, 257, 42);
insert into order_item (id, unit_price, quantity, order_id, product_id) values (764, 32.74, 31, 367, 31);
insert into order_item (id, unit_price, quantity, order_id, product_id) values (765, 12.91, 24, 491, 47);
insert into order_item (id, unit_price, quantity, order_id, product_id) values (766, 15.08, 31, 658, 46);
insert into order_item (id, unit_price, quantity, order_id, product_id) values (767, 45.05, 45, 762, 17);
insert into order_item (id, unit_price, quantity, order_id, product_id) values (768, 48.28, 30, 689, 28);
insert into order_item (id, unit_price, quantity, order_id, product_id) values (769, 19.55, 25, 112, 92);
insert into order_item (id, unit_price, quantity, order_id, product_id) values (770, 44.08, 40, 474, 69);
insert into order_item (id, unit_price, quantity, order_id, product_id) values (771, 48.0, 19, 68, 7);
insert into order_item (id, unit_price, quantity, order_id, product_id) values (772, 44.81, 23, 86, 73);
insert into order_item (id, unit_price, quantity, order_id, product_id) values (773, 39.58, 14, 751, 16);
insert into order_item (id, unit_price, quantity, order_id, product_id) values (774, 43.54, 37, 538, 58);
insert into order_item (id, unit_price, quantity, order_id, product_id) values (775, 21.21, 8, 236, 22);
insert into order_item (id, unit_price, quantity, order_id, product_id) values (776, 33.99, 49, 182, 7);
insert into order_item (id, unit_price, quantity, order_id, product_id) values (777, 15.76, 28, 517, 28);
insert into order_item (id, unit_price, quantity, order_id, product_id) values (778, 35.63, 17, 665, 42);
insert into order_item (id, unit_price, quantity, order_id, product_id) values (779, 23.66, 10, 318, 52);
insert into order_item (id, unit_price, quantity, order_id, product_id) values (780, 33.59, 50, 151, 90);
insert into order_item (id, unit_price, quantity, order_id, product_id) values (781, 29.04, 24, 335, 76);
insert into order_item (id, unit_price, quantity, order_id, product_id) values (782, 13.39, 25, 286, 38);
insert into order_item (id, unit_price, quantity, order_id, product_id) values (783, 26.49, 42, 382, 49);
insert into order_item (id, unit_price, quantity, order_id, product_id) values (784, 42.6, 34, 624, 68);
insert into order_item (id, unit_price, quantity, order_id, product_id) values (785, 23.04, 14, 164, 74);
insert into order_item (id, unit_price, quantity, order_id, product_id) values (786, 17.1, 17, 272, 100);
insert into order_item (id, unit_price, quantity, order_id, product_id) values (787, 10.67, 38, 345, 10);
insert into order_item (id, unit_price, quantity, order_id, product_id) values (788, 19.76, 36, 618, 94);
insert into order_item (id, unit_price, quantity, order_id, product_id) values (789, 36.94, 10, 663, 74);
insert into order_item (id, unit_price, quantity, order_id, product_id) values (790, 48.16, 31, 352, 92);
insert into order_item (id, unit_price, quantity, order_id, product_id) values (791, 47.46, 14, 147, 6);
insert into order_item (id, unit_price, quantity, order_id, product_id) values (792, 24.7, 33, 192, 4);
insert into order_item (id, unit_price, quantity, order_id, product_id) values (793, 12.96, 21, 416, 37);
insert into order_item (id, unit_price, quantity, order_id, product_id) values (794, 10.01, 5, 370, 8);
insert into order_item (id, unit_price, quantity, order_id, product_id) values (795, 42.7, 17, 303, 75);
insert into order_item (id, unit_price, quantity, order_id, product_id) values (796, 45.16, 25, 173, 48);
insert into order_item (id, unit_price, quantity, order_id, product_id) values (797, 15.68, 12, 589, 8);
insert into order_item (id, unit_price, quantity, order_id, product_id) values (798, 14.66, 23, 297, 89);
insert into order_item (id, unit_price, quantity, order_id, product_id) values (799, 26.02, 28, 127, 81);
insert into order_item (id, unit_price, quantity, order_id, product_id) values (800, 32.88, 1, 272, 11);
insert into order_item (id, unit_price, quantity, order_id, product_id) values (801, 21.12, 17, 282, 66);
insert into order_item (id, unit_price, quantity, order_id, product_id) values (802, 35.21, 23, 661, 20);
insert into order_item (id, unit_price, quantity, order_id, product_id) values (803, 18.21, 28, 363, 92);
insert into order_item (id, unit_price, quantity, order_id, product_id) values (804, 48.81, 31, 591, 29);
insert into order_item (id, unit_price, quantity, order_id, product_id) values (805, 42.8, 33, 50, 78);
insert into order_item (id, unit_price, quantity, order_id, product_id) values (806, 15.47, 45, 330, 55);
insert into order_item (id, unit_price, quantity, order_id, product_id) values (807, 39.09, 22, 51, 20);
insert into order_item (id, unit_price, quantity, order_id, product_id) values (808, 38.23, 45, 604, 31);
insert into order_item (id, unit_price, quantity, order_id, product_id) values (809, 43.78, 12, 585, 68);
insert into order_item (id, unit_price, quantity, order_id, product_id) values (810, 24.02, 39, 544, 30);
insert into order_item (id, unit_price, quantity, order_id, product_id) values (811, 49.86, 15, 69, 6);
insert into order_item (id, unit_price, quantity, order_id, product_id) values (812, 18.58, 37, 565, 14);
insert into order_item (id, unit_price, quantity, order_id, product_id) values (813, 19.7, 42, 281, 79);
insert into order_item (id, unit_price, quantity, order_id, product_id) values (814, 25.89, 46, 23, 51);
insert into order_item (id, unit_price, quantity, order_id, product_id) values (815, 15.46, 15, 691, 54);
insert into order_item (id, unit_price, quantity, order_id, product_id) values (816, 35.85, 15, 56, 97);
insert into order_item (id, unit_price, quantity, order_id, product_id) values (817, 43.92, 18, 663, 83);
insert into order_item (id, unit_price, quantity, order_id, product_id) values (818, 16.7, 32, 603, 97);
insert into order_item (id, unit_price, quantity, order_id, product_id) values (819, 15.02, 50, 246, 82);
insert into order_item (id, unit_price, quantity, order_id, product_id) values (820, 15.06, 11, 54, 64);
insert into order_item (id, unit_price, quantity, order_id, product_id) values (821, 33.47, 3, 103, 80);
insert into order_item (id, unit_price, quantity, order_id, product_id) values (822, 32.01, 10, 531, 47);
insert into order_item (id, unit_price, quantity, order_id, product_id) values (823, 24.13, 12, 121, 99);
insert into order_item (id, unit_price, quantity, order_id, product_id) values (824, 26.67, 5, 198, 77);
insert into order_item (id, unit_price, quantity, order_id, product_id) values (825, 23.2, 6, 55, 20);
insert into order_item (id, unit_price, quantity, order_id, product_id) values (826, 14.96, 47, 596, 6);
insert into order_item (id, unit_price, quantity, order_id, product_id) values (827, 32.57, 5, 136, 2);
insert into order_item (id, unit_price, quantity, order_id, product_id) values (828, 14.36, 30, 422, 52);
insert into order_item (id, unit_price, quantity, order_id, product_id) values (829, 27.42, 7, 139, 12);
insert into order_item (id, unit_price, quantity, order_id, product_id) values (830, 26.63, 28, 356, 51);
insert into order_item (id, unit_price, quantity, order_id, product_id) values (831, 43.03, 31, 672, 24);
insert into order_item (id, unit_price, quantity, order_id, product_id) values (832, 16.89, 17, 558, 34);
insert into order_item (id, unit_price, quantity, order_id, product_id) values (833, 10.74, 36, 483, 43);
insert into order_item (id, unit_price, quantity, order_id, product_id) values (834, 18.98, 1, 426, 32);
insert into order_item (id, unit_price, quantity, order_id, product_id) values (835, 27.05, 34, 194, 22);
insert into order_item (id, unit_price, quantity, order_id, product_id) values (836, 27.49, 37, 229, 99);
insert into order_item (id, unit_price, quantity, order_id, product_id) values (837, 32.26, 10, 639, 93);
insert into order_item (id, unit_price, quantity, order_id, product_id) values (838, 42.38, 47, 703, 49);
insert into order_item (id, unit_price, quantity, order_id, product_id) values (839, 43.27, 29, 172, 19);
insert into order_item (id, unit_price, quantity, order_id, product_id) values (840, 40.21, 37, 228, 26);
insert into order_item (id, unit_price, quantity, order_id, product_id) values (841, 25.71, 3, 629, 47);
insert into order_item (id, unit_price, quantity, order_id, product_id) values (842, 12.6, 48, 668, 45);
insert into order_item (id, unit_price, quantity, order_id, product_id) values (843, 20.99, 3, 330, 39);
insert into order_item (id, unit_price, quantity, order_id, product_id) values (844, 20.2, 47, 19, 61);
insert into order_item (id, unit_price, quantity, order_id, product_id) values (845, 38.33, 26, 780, 31);
insert into order_item (id, unit_price, quantity, order_id, product_id) values (846, 41.16, 50, 518, 9);
insert into order_item (id, unit_price, quantity, order_id, product_id) values (847, 24.9, 45, 485, 88);
insert into order_item (id, unit_price, quantity, order_id, product_id) values (848, 29.19, 48, 247, 56);
insert into order_item (id, unit_price, quantity, order_id, product_id) values (849, 13.21, 17, 593, 65);
insert into order_item (id, unit_price, quantity, order_id, product_id) values (850, 17.75, 4, 111, 79);
insert into order_item (id, unit_price, quantity, order_id, product_id) values (851, 32.79, 44, 72, 87);
insert into order_item (id, unit_price, quantity, order_id, product_id) values (852, 28.22, 19, 564, 7);
insert into order_item (id, unit_price, quantity, order_id, product_id) values (853, 48.61, 19, 242, 77);
insert into order_item (id, unit_price, quantity, order_id, product_id) values (854, 39.47, 12, 152, 59);
insert into order_item (id, unit_price, quantity, order_id, product_id) values (855, 15.75, 13, 308, 19);
insert into order_item (id, unit_price, quantity, order_id, product_id) values (856, 18.87, 10, 344, 50);
insert into order_item (id, unit_price, quantity, order_id, product_id) values (857, 45.21, 35, 591, 34);
insert into order_item (id, unit_price, quantity, order_id, product_id) values (858, 21.21, 23, 236, 19);
insert into order_item (id, unit_price, quantity, order_id, product_id) values (859, 30.64, 41, 787, 10);
insert into order_item (id, unit_price, quantity, order_id, product_id) values (860, 34.32, 15, 346, 95);
insert into order_item (id, unit_price, quantity, order_id, product_id) values (861, 18.22, 50, 543, 74);
insert into order_item (id, unit_price, quantity, order_id, product_id) values (862, 46.42, 40, 282, 39);
insert into order_item (id, unit_price, quantity, order_id, product_id) values (863, 48.34, 12, 567, 25);
insert into order_item (id, unit_price, quantity, order_id, product_id) values (864, 14.77, 48, 37, 69);
insert into order_item (id, unit_price, quantity, order_id, product_id) values (865, 36.58, 25, 571, 75);
insert into order_item (id, unit_price, quantity, order_id, product_id) values (866, 12.59, 5, 20, 98);
insert into order_item (id, unit_price, quantity, order_id, product_id) values (867, 10.56, 38, 684, 82);
insert into order_item (id, unit_price, quantity, order_id, product_id) values (868, 32.82, 1, 799, 24);
insert into order_item (id, unit_price, quantity, order_id, product_id) values (869, 40.28, 2, 401, 97);
insert into order_item (id, unit_price, quantity, order_id, product_id) values (870, 17.84, 38, 14, 48);
insert into order_item (id, unit_price, quantity, order_id, product_id) values (871, 39.9, 25, 233, 87);
insert into order_item (id, unit_price, quantity, order_id, product_id) values (872, 33.75, 45, 488, 23);
insert into order_item (id, unit_price, quantity, order_id, product_id) values (873, 10.94, 36, 516, 60);
insert into order_item (id, unit_price, quantity, order_id, product_id) values (874, 25.88, 34, 514, 28);
insert into order_item (id, unit_price, quantity, order_id, product_id) values (875, 29.54, 15, 103, 5);
insert into order_item (id, unit_price, quantity, order_id, product_id) values (876, 23.11, 37, 557, 18);
insert into order_item (id, unit_price, quantity, order_id, product_id) values (877, 25.03, 13, 265, 37);
insert into order_item (id, unit_price, quantity, order_id, product_id) values (878, 36.51, 22, 628, 63);
insert into order_item (id, unit_price, quantity, order_id, product_id) values (879, 49.94, 36, 391, 2);
insert into order_item (id, unit_price, quantity, order_id, product_id) values (880, 25.43, 5, 553, 98);
insert into order_item (id, unit_price, quantity, order_id, product_id) values (881, 16.93, 16, 197, 71);
insert into order_item (id, unit_price, quantity, order_id, product_id) values (882, 43.62, 12, 474, 82);
insert into order_item (id, unit_price, quantity, order_id, product_id) values (883, 12.95, 38, 510, 76);
insert into order_item (id, unit_price, quantity, order_id, product_id) values (884, 17.03, 30, 501, 30);
insert into order_item (id, unit_price, quantity, order_id, product_id) values (885, 24.33, 29, 447, 71);
insert into order_item (id, unit_price, quantity, order_id, product_id) values (886, 34.54, 4, 388, 77);
insert into order_item (id, unit_price, quantity, order_id, product_id) values (887, 32.93, 27, 316, 59);
insert into order_item (id, unit_price, quantity, order_id, product_id) values (888, 34.0, 10, 598, 95);
insert into order_item (id, unit_price, quantity, order_id, product_id) values (889, 30.72, 24, 504, 57);
insert into order_item (id, unit_price, quantity, order_id, product_id) values (890, 35.35, 48, 474, 64);
insert into order_item (id, unit_price, quantity, order_id, product_id) values (891, 20.95, 41, 420, 71);
insert into order_item (id, unit_price, quantity, order_id, product_id) values (892, 47.76, 9, 76, 86);
insert into order_item (id, unit_price, quantity, order_id, product_id) values (893, 49.48, 2, 293, 16);
insert into order_item (id, unit_price, quantity, order_id, product_id) values (894, 34.5, 29, 481, 61);
insert into order_item (id, unit_price, quantity, order_id, product_id) values (895, 48.14, 11, 306, 38);
insert into order_item (id, unit_price, quantity, order_id, product_id) values (896, 15.11, 33, 589, 94);
insert into order_item (id, unit_price, quantity, order_id, product_id) values (897, 21.56, 50, 167, 82);
insert into order_item (id, unit_price, quantity, order_id, product_id) values (898, 37.85, 31, 789, 30);
insert into order_item (id, unit_price, quantity, order_id, product_id) values (899, 42.49, 3, 391, 51);
insert into order_item (id, unit_price, quantity, order_id, product_id) values (900, 23.25, 35, 603, 57);
insert into order_item (id, unit_price, quantity, order_id, product_id) values (901, 10.15, 38, 593, 96);
insert into order_item (id, unit_price, quantity, order_id, product_id) values (902, 19.13, 36, 736, 10);
insert into order_item (id, unit_price, quantity, order_id, product_id) values (903, 38.29, 30, 209, 14);
insert into order_item (id, unit_price, quantity, order_id, product_id) values (904, 31.46, 7, 416, 5);
insert into order_item (id, unit_price, quantity, order_id, product_id) values (905, 11.81, 6, 461, 78);
insert into order_item (id, unit_price, quantity, order_id, product_id) values (906, 43.23, 36, 517, 99);
insert into order_item (id, unit_price, quantity, order_id, product_id) values (907, 33.62, 43, 416, 12);
insert into order_item (id, unit_price, quantity, order_id, product_id) values (908, 15.17, 36, 793, 84);
insert into order_item (id, unit_price, quantity, order_id, product_id) values (909, 30.72, 11, 274, 6);
insert into order_item (id, unit_price, quantity, order_id, product_id) values (910, 11.59, 25, 664, 99);
insert into order_item (id, unit_price, quantity, order_id, product_id) values (911, 31.44, 39, 745, 91);
insert into order_item (id, unit_price, quantity, order_id, product_id) values (912, 21.81, 40, 548, 78);
insert into order_item (id, unit_price, quantity, order_id, product_id) values (913, 17.57, 21, 60, 55);
insert into order_item (id, unit_price, quantity, order_id, product_id) values (914, 32.64, 10, 630, 80);
insert into order_item (id, unit_price, quantity, order_id, product_id) values (915, 36.0, 19, 134, 65);
insert into order_item (id, unit_price, quantity, order_id, product_id) values (916, 39.6, 43, 178, 77);
insert into order_item (id, unit_price, quantity, order_id, product_id) values (917, 46.76, 18, 559, 97);
insert into order_item (id, unit_price, quantity, order_id, product_id) values (918, 32.33, 7, 464, 61);
insert into order_item (id, unit_price, quantity, order_id, product_id) values (919, 22.11, 8, 217, 8);
insert into order_item (id, unit_price, quantity, order_id, product_id) values (920, 12.75, 43, 222, 99);
insert into order_item (id, unit_price, quantity, order_id, product_id) values (921, 27.43, 29, 390, 58);
insert into order_item (id, unit_price, quantity, order_id, product_id) values (922, 38.49, 43, 623, 68);
insert into order_item (id, unit_price, quantity, order_id, product_id) values (923, 20.13, 21, 43, 24);
insert into order_item (id, unit_price, quantity, order_id, product_id) values (924, 28.35, 35, 265, 25);
insert into order_item (id, unit_price, quantity, order_id, product_id) values (925, 21.52, 34, 190, 52);
insert into order_item (id, unit_price, quantity, order_id, product_id) values (926, 46.35, 45, 481, 60);
insert into order_item (id, unit_price, quantity, order_id, product_id) values (927, 47.45, 16, 133, 77);
insert into order_item (id, unit_price, quantity, order_id, product_id) values (928, 41.48, 23, 288, 70);
insert into order_item (id, unit_price, quantity, order_id, product_id) values (929, 39.41, 36, 105, 97);
insert into order_item (id, unit_price, quantity, order_id, product_id) values (930, 48.03, 25, 354, 11);
insert into order_item (id, unit_price, quantity, order_id, product_id) values (931, 15.3, 33, 556, 45);
insert into order_item (id, unit_price, quantity, order_id, product_id) values (932, 26.48, 28, 676, 13);
insert into order_item (id, unit_price, quantity, order_id, product_id) values (933, 15.26, 21, 634, 60);
insert into order_item (id, unit_price, quantity, order_id, product_id) values (934, 34.42, 29, 257, 29);
insert into order_item (id, unit_price, quantity, order_id, product_id) values (935, 49.26, 38, 100, 8);
insert into order_item (id, unit_price, quantity, order_id, product_id) values (936, 37.05, 35, 517, 40);
insert into order_item (id, unit_price, quantity, order_id, product_id) values (937, 27.57, 9, 269, 70);
insert into order_item (id, unit_price, quantity, order_id, product_id) values (938, 14.29, 5, 63, 15);
insert into order_item (id, unit_price, quantity, order_id, product_id) values (939, 11.84, 2, 663, 7);
insert into order_item (id, unit_price, quantity, order_id, product_id) values (940, 43.95, 29, 24, 72);
insert into order_item (id, unit_price, quantity, order_id, product_id) values (941, 29.18, 44, 80, 57);
insert into order_item (id, unit_price, quantity, order_id, product_id) values (942, 31.19, 36, 565, 18);
insert into order_item (id, unit_price, quantity, order_id, product_id) values (943, 45.76, 6, 751, 39);
insert into order_item (id, unit_price, quantity, order_id, product_id) values (944, 19.63, 49, 578, 4);
insert into order_item (id, unit_price, quantity, order_id, product_id) values (945, 28.27, 35, 274, 74);
insert into order_item (id, unit_price, quantity, order_id, product_id) values (946, 36.82, 11, 651, 80);
insert into order_item (id, unit_price, quantity, order_id, product_id) values (947, 27.52, 17, 134, 31);
insert into order_item (id, unit_price, quantity, order_id, product_id) values (948, 36.58, 6, 705, 21);
insert into order_item (id, unit_price, quantity, order_id, product_id) values (949, 19.33, 8, 257, 48);
insert into order_item (id, unit_price, quantity, order_id, product_id) values (950, 38.29, 8, 244, 35);
insert into order_item (id, unit_price, quantity, order_id, product_id) values (951, 27.48, 39, 306, 2);
insert into order_item (id, unit_price, quantity, order_id, product_id) values (952, 33.1, 5, 149, 63);
insert into order_item (id, unit_price, quantity, order_id, product_id) values (953, 47.21, 37, 522, 89);
insert into order_item (id, unit_price, quantity, order_id, product_id) values (954, 23.43, 28, 230, 44);
insert into order_item (id, unit_price, quantity, order_id, product_id) values (955, 16.92, 48, 391, 63);
insert into order_item (id, unit_price, quantity, order_id, product_id) values (956, 12.6, 46, 302, 65);
insert into order_item (id, unit_price, quantity, order_id, product_id) values (957, 42.8, 47, 493, 27);
insert into order_item (id, unit_price, quantity, order_id, product_id) values (958, 45.99, 20, 711, 14);
insert into order_item (id, unit_price, quantity, order_id, product_id) values (959, 16.07, 36, 475, 24);
insert into order_item (id, unit_price, quantity, order_id, product_id) values (960, 41.72, 36, 475, 22);
insert into order_item (id, unit_price, quantity, order_id, product_id) values (961, 38.89, 8, 440, 59);
insert into order_item (id, unit_price, quantity, order_id, product_id) values (962, 14.1, 30, 721, 46);
insert into order_item (id, unit_price, quantity, order_id, product_id) values (963, 49.35, 12, 24, 100);
insert into order_item (id, unit_price, quantity, order_id, product_id) values (964, 14.33, 47, 547, 53);
insert into order_item (id, unit_price, quantity, order_id, product_id) values (965, 26.34, 19, 220, 36);
insert into order_item (id, unit_price, quantity, order_id, product_id) values (966, 12.82, 50, 226, 56);
insert into order_item (id, unit_price, quantity, order_id, product_id) values (967, 36.54, 44, 536, 2);
insert into order_item (id, unit_price, quantity, order_id, product_id) values (968, 49.01, 46, 291, 34);
insert into order_item (id, unit_price, quantity, order_id, product_id) values (969, 42.54, 35, 449, 66);
insert into order_item (id, unit_price, quantity, order_id, product_id) values (970, 40.3, 15, 795, 34);
insert into order_item (id, unit_price, quantity, order_id, product_id) values (971, 16.5, 8, 744, 66);
insert into order_item (id, unit_price, quantity, order_id, product_id) values (972, 44.89, 10, 525, 24);
insert into order_item (id, unit_price, quantity, order_id, product_id) values (973, 24.36, 23, 687, 29);
insert into order_item (id, unit_price, quantity, order_id, product_id) values (974, 27.82, 36, 447, 67);
insert into order_item (id, unit_price, quantity, order_id, product_id) values (975, 38.87, 6, 406, 91);
insert into order_item (id, unit_price, quantity, order_id, product_id) values (976, 31.63, 27, 717, 93);
insert into order_item (id, unit_price, quantity, order_id, product_id) values (977, 31.64, 12, 150, 28);
insert into order_item (id, unit_price, quantity, order_id, product_id) values (978, 24.32, 7, 558, 37);
insert into order_item (id, unit_price, quantity, order_id, product_id) values (979, 47.2, 19, 533, 10);
insert into order_item (id, unit_price, quantity, order_id, product_id) values (980, 18.61, 12, 454, 75);
insert into order_item (id, unit_price, quantity, order_id, product_id) values (981, 41.74, 27, 156, 35);
insert into order_item (id, unit_price, quantity, order_id, product_id) values (982, 27.86, 5, 345, 54);
insert into order_item (id, unit_price, quantity, order_id, product_id) values (983, 12.44, 5, 394, 24);
insert into order_item (id, unit_price, quantity, order_id, product_id) values (984, 38.88, 27, 718, 66);
insert into order_item (id, unit_price, quantity, order_id, product_id) values (985, 47.95, 8, 673, 59);
insert into order_item (id, unit_price, quantity, order_id, product_id) values (986, 42.57, 3, 583, 71);
insert into order_item (id, unit_price, quantity, order_id, product_id) values (987, 44.25, 9, 427, 5);
insert into order_item (id, unit_price, quantity, order_id, product_id) values (988, 40.96, 40, 101, 53);
insert into order_item (id, unit_price, quantity, order_id, product_id) values (989, 43.9, 43, 547, 78);
insert into order_item (id, unit_price, quantity, order_id, product_id) values (990, 34.49, 4, 368, 24);
insert into order_item (id, unit_price, quantity, order_id, product_id) values (991, 21.23, 8, 197, 84);
insert into order_item (id, unit_price, quantity, order_id, product_id) values (992, 37.45, 14, 301, 73);
insert into order_item (id, unit_price, quantity, order_id, product_id) values (993, 22.69, 46, 240, 1);
insert into order_item (id, unit_price, quantity, order_id, product_id) values (994, 25.71, 44, 281, 10);
insert into order_item (id, unit_price, quantity, order_id, product_id) values (995, 41.63, 45, 216, 14);
insert into order_item (id, unit_price, quantity, order_id, product_id) values (996, 39.99, 38, 597, 42);
insert into order_item (id, unit_price, quantity, order_id, product_id) values (997, 28.66, 12, 717, 78);
insert into order_item (id, unit_price, quantity, order_id, product_id) values (998, 11.23, 44, 781, 12);
insert into order_item (id, unit_price, quantity, order_id, product_id) values (999, 48.71, 6, 236, 50);
insert into order_item (id, unit_price, quantity, order_id, product_id) values (1000, 27.51, 33, 269, 81);

create table orders (
                        id int primary key,
                        order_date timestamp default now(),
                        order_number varchar(100),
                        total_amount decimal(12,2) default 0,
                        customer_id int references customer(id) not null
);
insert into orders (id, order_date, order_number, total_amount, customer_id) values (1,current_timestamp,67215, 2948.39, 98);
insert into orders (id, order_date, order_number, total_amount, customer_id) values (2, current_timestamp,21199, 4840.22, 17);
insert into orders (id, order_date, order_number, total_amount, customer_id) values (3, current_timestamp,73822, 613.91, 98);
insert into orders (id, order_date, order_number, total_amount, customer_id) values (4, current_timestamp,39591, 3960.99, 61);
insert into orders (id, order_date, order_number, total_amount, customer_id) values (5, current_timestamp,1984, 663.49, 72);
insert into orders (id, order_date, order_number, total_amount, customer_id) values (6, current_timestamp,68114, 1939.46, 37);
insert into orders (id, order_date, order_number, total_amount, customer_id) values (7, current_timestamp,84025, 3638.8, 43);
insert into orders (id, order_date, order_number, total_amount, customer_id) values (8, current_timestamp,34269, 2659.56, 87);
insert into orders (id, order_date, order_number, total_amount, customer_id) values (9, current_timestamp,64153, 1442.11, 66);
insert into orders (id, order_date, order_number, total_amount, customer_id) values (10,current_timestamp, 96718, 4304.44, 67);
insert into orders (id, order_date, order_number, total_amount, customer_id) values (11,current_timestamp, 37356, 718.89, 11);
insert into orders (id, order_date, order_number, total_amount, customer_id) values (12,current_timestamp, 57111, 1280.08, 76);
insert into orders (id, order_date, order_number, total_amount, customer_id) values (13,current_timestamp, 25957, 3284.81, 7);
insert into orders (id, order_date, order_number, total_amount, customer_id) values (14,current_timestamp, 44539, 2957.42, 32);
insert into orders (id, order_date, order_number, total_amount, customer_id) values (15,current_timestamp, 66797, 156.97, 27);
insert into orders (id, order_date, order_number, total_amount, customer_id) values (16,current_timestamp, 91053, 3014.86, 89);
insert into orders (id, order_date, order_number, total_amount, customer_id) values (17,current_timestamp, 48017, 2800.72, 36);
insert into orders (id, order_date, order_number, total_amount, customer_id) values (18,current_timestamp, 90209, 1952.59, 71);
insert into orders (id, order_date, order_number, total_amount, customer_id) values (19,current_timestamp, 7106, 4111.52, 81);
insert into orders (id, order_date, order_number, total_amount, customer_id) values (20,current_timestamp, 4493, 777.47, 10);
insert into orders (id, order_date, order_number, total_amount, customer_id) values (21,current_timestamp, 56228, 2751.24, 44);
insert into orders (id, order_date, order_number, total_amount, customer_id) values (22,current_timestamp, 17462, 2327.11, 42);
insert into orders (id, order_date, order_number, total_amount, customer_id) values (23,current_timestamp, 66658, 781.77, 43);
insert into orders (id, order_date, order_number, total_amount, customer_id) values (24,current_timestamp, 62236, 1311.64, 29);
insert into orders (id, order_date, order_number, total_amount, customer_id) values (25,current_timestamp, 17050, 4589.25, 5);
insert into orders (id, order_date, order_number, total_amount, customer_id) values (26,current_timestamp, 92478, 2287.61, 68);
insert into orders (id, order_date, order_number, total_amount, customer_id) values (27,current_timestamp, 87479, 836.23, 37);
insert into orders (id, order_date, order_number, total_amount, customer_id) values (28,current_timestamp, 18732, 4285.89, 57);
insert into orders (id, order_date, order_number, total_amount, customer_id) values (29,current_timestamp, 53772, 372.38, 40);
insert into orders (id, order_date, order_number, total_amount, customer_id) values (30,current_timestamp, 25707, 1028.97, 66);
insert into orders (id, order_date, order_number, total_amount, customer_id) values (31,current_timestamp, 7972, 116.91, 100);
insert into orders (id, order_date, order_number, total_amount, customer_id) values (32,current_timestamp, 81367, 508.95, 33);
insert into orders (id, order_date, order_number, total_amount, customer_id) values (33,current_timestamp, 77330, 962.03, 74);
insert into orders (id, order_date, order_number, total_amount, customer_id) values (34,current_timestamp, 95653, 333.92, 31);
insert into orders (id, order_date, order_number, total_amount, customer_id) values (35,current_timestamp, 25419, 2903.18, 24);
insert into orders (id, order_date, order_number, total_amount, customer_id) values (36,current_timestamp, 71113, 4523.37, 42);
insert into orders (id, order_date, order_number, total_amount, customer_id) values (37,current_timestamp, 43612, 3055.65, 87);
insert into orders (id, order_date, order_number, total_amount, customer_id) values (38,current_timestamp, 39195, 4963.63, 25);
insert into orders (id, order_date, order_number, total_amount, customer_id) values (39,current_timestamp, 14941, 4201.27, 5);
insert into orders (id, order_date, order_number, total_amount, customer_id) values (40,current_timestamp, 14041, 2938.86, 65);
insert into orders (id, order_date, order_number, total_amount, customer_id) values (41,current_timestamp, 92362, 1861.61, 87);
insert into orders (id, order_date, order_number, total_amount, customer_id) values (42,current_timestamp, 24793, 323.89, 48);
insert into orders (id, order_date, order_number, total_amount, customer_id) values (43,current_timestamp, 19583, 2472.96, 18);
insert into orders (id, order_date, order_number, total_amount, customer_id) values (44,current_timestamp, 27710, 443.42, 89);
insert into orders (id, order_date, order_number, total_amount, customer_id) values (45,current_timestamp, 81994, 1174.44, 86);
insert into orders (id, order_date, order_number, total_amount, customer_id) values (46,current_timestamp, 97705, 878.93, 64);
insert into orders (id, order_date, order_number, total_amount, customer_id) values (47,current_timestamp, 81798, 2766.18, 36);
insert into orders (id, order_date, order_number, total_amount, customer_id) values (48,current_timestamp, 64556, 3155.34, 72);
insert into orders (id, order_date, order_number, total_amount, customer_id) values (49,current_timestamp, 92558, 549.88, 21);
insert into orders (id, order_date, order_number, total_amount, customer_id) values (50,current_timestamp, 8064, 3116.23, 60);
insert into orders (id, order_date, order_number, total_amount, customer_id) values (51,current_timestamp, 57318, 1521.92, 8);
insert into orders (id, order_date, order_number, total_amount, customer_id) values (52,current_timestamp, 39913, 1083.78, 63);
insert into orders (id, order_date, order_number, total_amount, customer_id) values (53,current_timestamp, 75216, 1811.19, 72);
insert into orders (id, order_date, order_number, total_amount, customer_id) values (54,current_timestamp, 16407, 109.15, 46);
insert into orders (id, order_date, order_number, total_amount, customer_id) values (55,current_timestamp, 96064, 1023.78, 97);
insert into orders (id, order_date, order_number, total_amount, customer_id) values (56,current_timestamp, 22009, 2475.05, 48);
insert into orders (id, order_date, order_number, total_amount, customer_id) values (57,current_timestamp, 57922, 1938.32, 47);
insert into orders (id, order_date, order_number, total_amount, customer_id) values (58,current_timestamp, 17347, 835.47, 19);
insert into orders (id, order_date, order_number, total_amount, customer_id) values (59,current_timestamp, 62535, 1650.47, 26);
insert into orders (id, order_date, order_number, total_amount, customer_id) values (60,current_timestamp, 13931, 3591.64, 68);
insert into orders (id, order_date, order_number, total_amount, customer_id) values (61,current_timestamp, 72368, 344.03, 75);
insert into orders (id, order_date, order_number, total_amount, customer_id) values (62,current_timestamp, 50821, 534.03, 61);
insert into orders (id, order_date, order_number, total_amount, customer_id) values (63,current_timestamp, 28627, 1845.99, 5);
insert into orders (id, order_date, order_number, total_amount, customer_id) values (64,current_timestamp, 12097, 1029.41, 82);
insert into orders (id, order_date, order_number, total_amount, customer_id) values (65,current_timestamp, 74694, 4606.47, 79);
insert into orders (id, order_date, order_number, total_amount, customer_id) values (66,current_timestamp, 34942, 4283.38, 89);
insert into orders (id, order_date, order_number, total_amount, customer_id) values (67,current_timestamp, 60535, 3454.37, 30);
insert into orders (id, order_date, order_number, total_amount, customer_id) values (68,current_timestamp, 6372, 2802.08, 43);
insert into orders (id, order_date, order_number, total_amount, customer_id) values (69,current_timestamp, 47467, 1359.32, 91);
insert into orders (id, order_date, order_number, total_amount, customer_id) values (70,current_timestamp, 17337, 772.62, 55);
insert into orders (id, order_date, order_number, total_amount, customer_id) values (71,current_timestamp, 40580, 2948.88, 76);
insert into orders (id, order_date, order_number, total_amount, customer_id) values (72,current_timestamp, 91622, 337.67, 29);
insert into orders (id, order_date, order_number, total_amount, customer_id) values (73,current_timestamp, 64473, 4182.95, 42);
insert into orders (id, order_date, order_number, total_amount, customer_id) values (74,current_timestamp, 53396, 2712.76, 89);
insert into orders (id, order_date, order_number, total_amount, customer_id) values (75,current_timestamp, 20281, 4447.94, 71);
insert into orders (id, order_date, order_number, total_amount, customer_id) values (76,current_timestamp, 35891, 4957.14, 60);
insert into orders (id, order_date, order_number, total_amount, customer_id) values (77,current_timestamp, 84200, 2966.12, 14);
insert into orders (id, order_date, order_number, total_amount, customer_id) values (78,current_timestamp, 86802, 1955.37, 92);
insert into orders (id, order_date, order_number, total_amount, customer_id) values (79,current_timestamp, 78865, 2391.58, 14);
insert into orders (id, order_date, order_number, total_amount, customer_id) values (80,current_timestamp, 62645, 359.11, 24);
insert into orders (id, order_date, order_number, total_amount, customer_id) values (81,current_timestamp, 65476, 3076.11, 44);
insert into orders (id, order_date, order_number, total_amount, customer_id) values (82,current_timestamp, 27835, 2407.82, 8);
insert into orders (id, order_date, order_number, total_amount, customer_id) values (83,current_timestamp, 72210, 1684.02, 96);
insert into orders (id, order_date, order_number, total_amount, customer_id) values (84,current_timestamp, 79969, 1280.02, 61);
insert into orders (id, order_date, order_number, total_amount, customer_id) values (85,current_timestamp, 46604, 1545.16, 73);
insert into orders (id, order_date, order_number, total_amount, customer_id) values (86,current_timestamp, 98371, 1054.66, 50);
insert into orders (id, order_date, order_number, total_amount, customer_id) values (87,current_timestamp, 63695, 1464.47, 35);
insert into orders (id, order_date, order_number, total_amount, customer_id) values (88,current_timestamp, 94920, 1750.64, 67);
insert into orders (id, order_date, order_number, total_amount, customer_id) values (89,current_timestamp, 42883, 2768.08, 10);
insert into orders (id, order_date, order_number, total_amount, customer_id) values (90,current_timestamp, 5353, 4267.09, 7);
insert into orders (id, order_date, order_number, total_amount, customer_id) values (91,current_timestamp, 65713, 703.65, 28);
insert into orders (id, order_date, order_number, total_amount, customer_id) values (92,current_timestamp, 50500, 806.97, 87);
insert into orders (id, order_date, order_number, total_amount, customer_id) values (93,current_timestamp, 12729, 4085.58, 27);
insert into orders (id, order_date, order_number, total_amount, customer_id) values (94,current_timestamp, 72659, 3862.9, 42);
insert into orders (id, order_date, order_number, total_amount, customer_id) values (95,current_timestamp, 61082, 383.39, 9);
insert into orders (id, order_date, order_number, total_amount, customer_id) values (96,current_timestamp, 41643, 3395.62, 35);
insert into orders (id, order_date, order_number, total_amount, customer_id) values (97,current_timestamp, 73742, 3498.0, 64);
insert into orders (id, order_date, order_number, total_amount, customer_id) values (98,current_timestamp, 1514, 447.2, 100);
insert into orders (id, order_date, order_number, total_amount, customer_id) values (99,current_timestamp, 11330, 2308.33, 25);
insert into orders (id, order_date, order_number, total_amount, customer_id) values (100,current_timestamp, 63662, 3543.4, 59);
insert into orders (id, order_date, order_number, total_amount, customer_id) values (101,current_timestamp, 80092, 983.02, 88);
insert into orders (id, order_date, order_number, total_amount, customer_id) values (102,current_timestamp, 45305, 2661.07, 31);
insert into orders (id, order_date, order_number, total_amount, customer_id) values (103,current_timestamp, 42498, 1677.44, 100);
insert into orders (id, order_date, order_number, total_amount, customer_id) values (104,current_timestamp, 89381, 3292.71, 72);
insert into orders (id, order_date, order_number, total_amount, customer_id) values (105,current_timestamp, 51492, 1436.46, 85);
insert into orders (id, order_date, order_number, total_amount, customer_id) values (106,current_timestamp, 68725, 2543.16, 57);
insert into orders (id, order_date, order_number, total_amount, customer_id) values (107,current_timestamp, 80327, 4308.27, 14);
insert into orders (id, order_date, order_number, total_amount, customer_id) values (108,current_timestamp, 37855, 601.85, 48);
insert into orders (id, order_date, order_number, total_amount, customer_id) values (109,current_timestamp, 29001, 2109.74, 8);
insert into orders (id, order_date, order_number, total_amount, customer_id) values (110,current_timestamp, 75702, 3571.61, 81);
insert into orders (id, order_date, order_number, total_amount, customer_id) values (111,current_timestamp, 5382, 2619.93, 1);
insert into orders (id, order_date, order_number, total_amount, customer_id) values (112,current_timestamp, 9873, 3270.07, 30);
insert into orders (id, order_date, order_number, total_amount, customer_id) values (113,current_timestamp, 9855, 1316.08, 32);
insert into orders (id, order_date, order_number, total_amount, customer_id) values (114,current_timestamp, 34541, 4477.77, 2);
insert into orders (id, order_date, order_number, total_amount, customer_id) values (115,current_timestamp, 92980, 4286.24, 11);
insert into orders (id, order_date, order_number, total_amount, customer_id) values (116,current_timestamp, 80722, 2843.55, 32);
insert into orders (id, order_date, order_number, total_amount, customer_id) values (117,current_timestamp, 99839, 3093.02, 10);
insert into orders (id, order_date, order_number, total_amount, customer_id) values (118,current_timestamp, 53350, 1673.9, 84);
insert into orders (id, order_date, order_number, total_amount, customer_id) values (119,current_timestamp, 9398, 3717.07, 14);
insert into orders (id, order_date, order_number, total_amount, customer_id) values (120,current_timestamp, 72514, 3731.39, 19);
insert into orders (id, order_date, order_number, total_amount, customer_id) values (121,current_timestamp, 68134, 4382.97, 14);
insert into orders (id, order_date, order_number, total_amount, customer_id) values (122,current_timestamp, 95041, 3622.76, 28);
insert into orders (id, order_date, order_number, total_amount, customer_id) values (123,current_timestamp, 47239, 2304.78, 94);
insert into orders (id, order_date, order_number, total_amount, customer_id) values (124,current_timestamp, 94315, 212.54, 88);
insert into orders (id, order_date, order_number, total_amount, customer_id) values (125,current_timestamp, 81135, 3052.38, 80);
insert into orders (id, order_date, order_number, total_amount, customer_id) values (126,current_timestamp, 19333, 532.34, 30);
insert into orders (id, order_date, order_number, total_amount, customer_id) values (127,current_timestamp, 73560, 3514.48, 61);
insert into orders (id, order_date, order_number, total_amount, customer_id) values (128,current_timestamp, 33403, 3676.15, 70);
insert into orders (id, order_date, order_number, total_amount, customer_id) values (129,current_timestamp, 66022, 2605.65, 4);
insert into orders (id, order_date, order_number, total_amount, customer_id) values (130,current_timestamp, 87996, 1387.84, 64);
insert into orders (id, order_date, order_number, total_amount, customer_id) values (131,current_timestamp, 92818, 774.06, 77);
insert into orders (id, order_date, order_number, total_amount, customer_id) values (132,current_timestamp, 8560, 4403.12, 53);
insert into orders (id, order_date, order_number, total_amount, customer_id) values (133,current_timestamp, 20721, 466.31, 34);
insert into orders (id, order_date, order_number, total_amount, customer_id) values (134,current_timestamp, 59996, 3260.95, 44);
insert into orders (id, order_date, order_number, total_amount, customer_id) values (135,current_timestamp, 82632, 375.55, 28);
insert into orders (id, order_date, order_number, total_amount, customer_id) values (136,current_timestamp, 96958, 1053.11, 88);
insert into orders (id, order_date, order_number, total_amount, customer_id) values (137,current_timestamp, 47630, 2394.95, 79);
insert into orders (id, order_date, order_number, total_amount, customer_id) values (138,current_timestamp, 33260, 387.38, 8);
insert into orders (id, order_date, order_number, total_amount, customer_id) values (139,current_timestamp, 20077, 2846.25, 38);
insert into orders (id, order_date, order_number, total_amount, customer_id) values (140,current_timestamp, 9343, 3771.66, 17);
insert into orders (id, order_date, order_number, total_amount, customer_id) values (141,current_timestamp, 80883, 2181.13, 75);
insert into orders (id, order_date, order_number, total_amount, customer_id) values (142,current_timestamp, 92298, 109.43, 13);
insert into orders (id, order_date, order_number, total_amount, customer_id) values (143,current_timestamp, 56611, 1522.78, 67);
insert into orders (id, order_date, order_number, total_amount, customer_id) values (144,current_timestamp, 31858, 4010.43, 29);
insert into orders (id, order_date, order_number, total_amount, customer_id) values (145,current_timestamp, 68421, 4028.39, 20);
insert into orders (id, order_date, order_number, total_amount, customer_id) values (146,current_timestamp, 26216, 1892.77, 38);
insert into orders (id, order_date, order_number, total_amount, customer_id) values (147,current_timestamp, 62429, 2278.99, 51);
insert into orders (id, order_date, order_number, total_amount, customer_id) values (148,current_timestamp, 99550, 4549.54, 64);
insert into orders (id, order_date, order_number, total_amount, customer_id) values (149,current_timestamp, 17972, 3426.44, 16);
insert into orders (id, order_date, order_number, total_amount, customer_id) values (150,current_timestamp, 88388, 4065.44, 6);
insert into orders (id, order_date, order_number, total_amount, customer_id) values (151,current_timestamp, 86014, 1847.14, 57);
insert into orders (id, order_date, order_number, total_amount, customer_id) values (152,current_timestamp, 25800, 4300.16, 59);
insert into orders (id, order_date, order_number, total_amount, customer_id) values (153,current_timestamp, 2170, 1716.5, 42);
insert into orders (id, order_date, order_number, total_amount, customer_id) values (154,current_timestamp, 2307, 3429.76, 92);
insert into orders (id, order_date, order_number, total_amount, customer_id) values (155,current_timestamp, 97560, 3516.41, 35);
insert into orders (id, order_date, order_number, total_amount, customer_id) values (156,current_timestamp, 43378, 2617.64, 48);
insert into orders (id, order_date, order_number, total_amount, customer_id) values (157,current_timestamp, 17490, 2956.61, 93);
insert into orders (id, order_date, order_number, total_amount, customer_id) values (158,current_timestamp, 93484, 3139.87, 37);
insert into orders (id, order_date, order_number, total_amount, customer_id) values (159,current_timestamp, 93139, 1544.17, 52);
insert into orders (id, order_date, order_number, total_amount, customer_id) values (160,current_timestamp, 38928, 4449.15, 72);
insert into orders (id, order_date, order_number, total_amount, customer_id) values (161,current_timestamp, 53250, 423.99, 41);
insert into orders (id, order_date, order_number, total_amount, customer_id) values (162,current_timestamp, 92884, 1944.09, 46);
insert into orders (id, order_date, order_number, total_amount, customer_id) values (163,current_timestamp, 63208, 4146.92, 84);
insert into orders (id, order_date, order_number, total_amount, customer_id) values (164,current_timestamp, 71914, 2495.35, 37);
insert into orders (id, order_date, order_number, total_amount, customer_id) values (165,current_timestamp, 94177, 3937.13, 29);
insert into orders (id, order_date, order_number, total_amount, customer_id) values (166,current_timestamp, 69274, 3392.94, 33);
insert into orders (id, order_date, order_number, total_amount, customer_id) values (167,current_timestamp, 86351, 4394.63, 1);
insert into orders (id, order_date, order_number, total_amount, customer_id) values (168,current_timestamp, 25779, 539.01, 67);
insert into orders (id, order_date, order_number, total_amount, customer_id) values (169,current_timestamp, 33666, 4996.38, 46);
insert into orders (id, order_date, order_number, total_amount, customer_id) values (170,current_timestamp, 98663, 2879.34, 54);
insert into orders (id, order_date, order_number, total_amount, customer_id) values (171,current_timestamp, 22882, 4138.57, 51);
insert into orders (id, order_date, order_number, total_amount, customer_id) values (172,current_timestamp, 63357, 1594.62, 63);
insert into orders (id, order_date, order_number, total_amount, customer_id) values (173,current_timestamp, 46408, 3279.52, 48);
insert into orders (id, order_date, order_number, total_amount, customer_id) values (174,current_timestamp, 87145, 4369.22, 50);
insert into orders (id, order_date, order_number, total_amount, customer_id) values (175,current_timestamp, 92820, 1898.28, 27);
insert into orders (id, order_date, order_number, total_amount, customer_id) values (176,current_timestamp, 86448, 3689.8, 82);
insert into orders (id, order_date, order_number, total_amount, customer_id) values (177,current_timestamp, 32134, 4173.82, 6);
insert into orders (id, order_date, order_number, total_amount, customer_id) values (178,current_timestamp, 1009, 2874.03, 61);
insert into orders (id, order_date, order_number, total_amount, customer_id) values (179,current_timestamp, 4088, 4764.52, 32);
insert into orders (id, order_date, order_number, total_amount, customer_id) values (180,current_timestamp, 66735, 787.28, 23);
insert into orders (id, order_date, order_number, total_amount, customer_id) values (181,current_timestamp, 98904, 4271.11, 57);
insert into orders (id, order_date, order_number, total_amount, customer_id) values (182,current_timestamp, 8210, 4052.71, 34);
insert into orders (id, order_date, order_number, total_amount, customer_id) values (183,current_timestamp, 88337, 1785.08, 16);
insert into orders (id, order_date, order_number, total_amount, customer_id) values (184,current_timestamp, 28411, 4931.39, 58);
insert into orders (id, order_date, order_number, total_amount, customer_id) values (185,current_timestamp, 83196, 1764.74, 99);
insert into orders (id, order_date, order_number, total_amount, customer_id) values (186,current_timestamp, 18737, 4969.77, 18);
insert into orders (id, order_date, order_number, total_amount, customer_id) values (187,current_timestamp, 97528, 4039.55, 32);
insert into orders (id, order_date, order_number, total_amount, customer_id) values (188,current_timestamp, 98944, 784.78, 87);
insert into orders (id, order_date, order_number, total_amount, customer_id) values (189,current_timestamp, 16003, 4008.49, 62);
insert into orders (id, order_date, order_number, total_amount, customer_id) values (190,current_timestamp, 1846, 149.93, 6);
insert into orders (id, order_date, order_number, total_amount, customer_id) values (191,current_timestamp, 45304, 2590.72, 67);
insert into orders (id, order_date, order_number, total_amount, customer_id) values (192,current_timestamp, 64289, 2942.0, 96);
insert into orders (id, order_date, order_number, total_amount, customer_id) values (193,current_timestamp, 56805, 1532.71, 55);
insert into orders (id, order_date, order_number, total_amount, customer_id) values (194,current_timestamp, 58914, 1215.84, 77);
insert into orders (id, order_date, order_number, total_amount, customer_id) values (195,current_timestamp, 88897, 434.39, 95);
insert into orders (id, order_date, order_number, total_amount, customer_id) values (196,current_timestamp, 47253, 1419.54, 54);
insert into orders (id, order_date, order_number, total_amount, customer_id) values (197,current_timestamp, 11546, 1083.73, 73);
insert into orders (id, order_date, order_number, total_amount, customer_id) values (198,current_timestamp, 47624, 4143.63, 80);
insert into orders (id, order_date, order_number, total_amount, customer_id) values (199,current_timestamp, 47523, 880.26, 14);
insert into orders (id, order_date, order_number, total_amount, customer_id) values (200,current_timestamp, 54941, 1365.26, 65);
insert into orders (id, order_date, order_number, total_amount, customer_id) values (201,current_timestamp, 69176, 2705.62, 81);
insert into orders (id, order_date, order_number, total_amount, customer_id) values (202,current_timestamp, 68877, 4908.52, 100);
insert into orders (id, order_date, order_number, total_amount, customer_id) values (203,current_timestamp, 62018, 4308.52, 60);
insert into orders (id, order_date, order_number, total_amount, customer_id) values (204,current_timestamp, 1622, 2558.76, 42);
insert into orders (id, order_date, order_number, total_amount, customer_id) values (205,current_timestamp, 64396, 441.07, 94);
insert into orders (id, order_date, order_number, total_amount, customer_id) values (206,current_timestamp, 1112, 272.06, 74);
insert into orders (id, order_date, order_number, total_amount, customer_id) values (207,current_timestamp, 35213, 722.31, 77);
insert into orders (id, order_date, order_number, total_amount, customer_id) values (208,current_timestamp, 97381, 4272.92, 43);
insert into orders (id, order_date, order_number, total_amount, customer_id) values (209,current_timestamp, 80307, 1587.37, 65);
insert into orders (id, order_date, order_number, total_amount, customer_id) values (210,current_timestamp, 82674, 3252.13, 23);
insert into orders (id, order_date, order_number, total_amount, customer_id) values (211,current_timestamp, 44832, 3487.54, 12);
insert into orders (id, order_date, order_number, total_amount, customer_id) values (212,current_timestamp, 38154, 2266.58, 2);
insert into orders (id, order_date, order_number, total_amount, customer_id) values (213,current_timestamp, 41525, 3149.69, 39);
insert into orders (id, order_date, order_number, total_amount, customer_id) values (214,current_timestamp, 64994, 4955.47, 26);
insert into orders (id, order_date, order_number, total_amount, customer_id) values (215,current_timestamp, 47836, 3029.39, 39);
insert into orders (id, order_date, order_number, total_amount, customer_id) values (216,current_timestamp, 57473, 1524.92, 68);
insert into orders (id, order_date, order_number, total_amount, customer_id) values (217,current_timestamp, 88113, 3511.98, 47);
insert into orders (id, order_date, order_number, total_amount, customer_id) values (218,current_timestamp, 18032, 1454.71, 60);
insert into orders (id, order_date, order_number, total_amount, customer_id) values (219,current_timestamp, 56084, 3579.51, 50);
insert into orders (id, order_date, order_number, total_amount, customer_id) values (220,current_timestamp, 59621, 1444.48, 67);
insert into orders (id, order_date, order_number, total_amount, customer_id) values (221,current_timestamp, 9244, 4770.77, 61);
insert into orders (id, order_date, order_number, total_amount, customer_id) values (222,current_timestamp, 98592, 656.71, 1);
insert into orders (id, order_date, order_number, total_amount, customer_id) values (223,current_timestamp, 69340, 224.26, 48);
insert into orders (id, order_date, order_number, total_amount, customer_id) values (224,current_timestamp, 53067, 4604.67, 87);
insert into orders (id, order_date, order_number, total_amount, customer_id) values (225,current_timestamp, 98694, 3804.88, 4);
insert into orders (id, order_date, order_number, total_amount, customer_id) values (226,current_timestamp, 9928, 3449.45, 46);
insert into orders (id, order_date, order_number, total_amount, customer_id) values (227,current_timestamp, 24079, 4113.55, 29);
insert into orders (id, order_date, order_number, total_amount, customer_id) values (228,current_timestamp, 14650, 648.97, 83);
insert into orders (id, order_date, order_number, total_amount, customer_id) values (229,current_timestamp, 26456, 3268.28, 60);
insert into orders (id, order_date, order_number, total_amount, customer_id) values (230,current_timestamp, 83565, 3073.78, 59);
insert into orders (id, order_date, order_number, total_amount, customer_id) values (231,current_timestamp, 91359, 4627.24, 32);
insert into orders (id, order_date, order_number, total_amount, customer_id) values (232,current_timestamp, 41262, 1752.84, 17);
insert into orders (id, order_date, order_number, total_amount, customer_id) values (233,current_timestamp, 95387, 1952.77, 66);
insert into orders (id, order_date, order_number, total_amount, customer_id) values (234,current_timestamp, 84221, 2625.39, 17);
insert into orders (id, order_date, order_number, total_amount, customer_id) values (235,current_timestamp, 41745, 2667.07, 6);
insert into orders (id, order_date, order_number, total_amount, customer_id) values (236,current_timestamp, 85456, 741.15, 74);
insert into orders (id, order_date, order_number, total_amount, customer_id) values (237,current_timestamp, 45589, 4395.46, 46);
insert into orders (id, order_date, order_number, total_amount, customer_id) values (238,current_timestamp, 30937, 2583.31, 44);
insert into orders (id, order_date, order_number, total_amount, customer_id) values (239,current_timestamp, 21826, 2878.37, 19);
insert into orders (id, order_date, order_number, total_amount, customer_id) values (240,current_timestamp, 49557, 2281.69, 25);
insert into orders (id, order_date, order_number, total_amount, customer_id) values (241,current_timestamp, 29692, 3996.97, 90);
insert into orders (id, order_date, order_number, total_amount, customer_id) values (242,current_timestamp, 6837, 4062.55, 67);
insert into orders (id, order_date, order_number, total_amount, customer_id) values (243,current_timestamp, 73080, 4896.34, 56);
insert into orders (id, order_date, order_number, total_amount, customer_id) values (244,current_timestamp, 11294, 1083.19, 75);
insert into orders (id, order_date, order_number, total_amount, customer_id) values (245,current_timestamp, 49861, 2831.16, 74);
insert into orders (id, order_date, order_number, total_amount, customer_id) values (246,current_timestamp, 43241, 2329.48, 37);
insert into orders (id, order_date, order_number, total_amount, customer_id) values (247,current_timestamp, 21769, 4240.96, 9);
insert into orders (id, order_date, order_number, total_amount, customer_id) values (248,current_timestamp, 60215, 4165.27, 84);
insert into orders (id, order_date, order_number, total_amount, customer_id) values (249,current_timestamp, 88618, 2107.13, 59);
insert into orders (id, order_date, order_number, total_amount, customer_id) values (250,current_timestamp, 47187, 3448.17, 85);
insert into orders (id, order_date, order_number, total_amount, customer_id) values (251,current_timestamp, 6760, 2701.55, 71);
insert into orders (id, order_date, order_number, total_amount, customer_id) values (252,current_timestamp, 84823, 336.73, 79);
insert into orders (id, order_date, order_number, total_amount, customer_id) values (253,current_timestamp, 26370, 140.08, 49);
insert into orders (id, order_date, order_number, total_amount, customer_id) values (254,current_timestamp, 73678, 1020.52, 50);
insert into orders (id, order_date, order_number, total_amount, customer_id) values (255,current_timestamp, 59058, 1710.33, 82);
insert into orders (id, order_date, order_number, total_amount, customer_id) values (256,current_timestamp, 1043, 4151.83, 75);
insert into orders (id, order_date, order_number, total_amount, customer_id) values (257,current_timestamp, 7888, 3976.87, 17);
insert into orders (id, order_date, order_number, total_amount, customer_id) values (258,current_timestamp, 52915, 870.03, 37);
insert into orders (id, order_date, order_number, total_amount, customer_id) values (259,current_timestamp, 98271, 1408.89, 22);
insert into orders (id, order_date, order_number, total_amount, customer_id) values (260,current_timestamp, 23337, 422.84, 82);
insert into orders (id, order_date, order_number, total_amount, customer_id) values (261,current_timestamp, 78779, 973.76, 56);
insert into orders (id, order_date, order_number, total_amount, customer_id) values (262,current_timestamp, 28240, 3065.29, 84);
insert into orders (id, order_date, order_number, total_amount, customer_id) values (263,current_timestamp, 82160, 3076.89, 19);
insert into orders (id, order_date, order_number, total_amount, customer_id) values (264,current_timestamp, 33484, 3747.55, 44);
insert into orders (id, order_date, order_number, total_amount, customer_id) values (265,current_timestamp, 9482, 3407.23, 95);
insert into orders (id, order_date, order_number, total_amount, customer_id) values (266,current_timestamp, 84312, 979.94, 24);
insert into orders (id, order_date, order_number, total_amount, customer_id) values (267,current_timestamp, 89713, 641.4, 55);
insert into orders (id, order_date, order_number, total_amount, customer_id) values (268,current_timestamp, 82083, 2970.72, 74);
insert into orders (id, order_date, order_number, total_amount, customer_id) values (269,current_timestamp, 2042, 1211.72, 62);
insert into orders (id, order_date, order_number, total_amount, customer_id) values (270,current_timestamp, 3799, 4986.22, 46);
insert into orders (id, order_date, order_number, total_amount, customer_id) values (271,current_timestamp, 52242, 281.28, 95);
insert into orders (id, order_date, order_number, total_amount, customer_id) values (272,current_timestamp, 14280, 2900.52, 62);
insert into orders (id, order_date, order_number, total_amount, customer_id) values (273,current_timestamp, 46879, 812.68, 13);
insert into orders (id, order_date, order_number, total_amount, customer_id) values (274,current_timestamp, 61161, 4224.06, 14);
insert into orders (id, order_date, order_number, total_amount, customer_id) values (275,current_timestamp, 43082, 3081.51, 65);
insert into orders (id, order_date, order_number, total_amount, customer_id) values (276,current_timestamp, 35291, 4526.83, 8);
insert into orders (id, order_date, order_number, total_amount, customer_id) values (277,current_timestamp, 30734, 880.48, 68);
insert into orders (id, order_date, order_number, total_amount, customer_id) values (278,current_timestamp, 53335, 2972.34, 4);
insert into orders (id, order_date, order_number, total_amount, customer_id) values (279,current_timestamp, 34632, 887.03, 83);
insert into orders (id, order_date, order_number, total_amount, customer_id) values (280,current_timestamp, 51855, 2878.61, 37);
insert into orders (id, order_date, order_number, total_amount, customer_id) values (281,current_timestamp, 91939, 4195.55, 16);
insert into orders (id, order_date, order_number, total_amount, customer_id) values (282,current_timestamp, 18209, 4649.92, 55);
insert into orders (id, order_date, order_number, total_amount, customer_id) values (283,current_timestamp, 16924, 2023.78, 34);
insert into orders (id, order_date, order_number, total_amount, customer_id) values (284,current_timestamp, 46997, 3945.63, 53);
insert into orders (id, order_date, order_number, total_amount, customer_id) values (285,current_timestamp, 22803, 4537.53, 50);
insert into orders (id, order_date, order_number, total_amount, customer_id) values (286,current_timestamp, 56542, 143.21, 59);
insert into orders (id, order_date, order_number, total_amount, customer_id) values (287,current_timestamp, 70253, 410.38, 94);
insert into orders (id, order_date, order_number, total_amount, customer_id) values (288,current_timestamp, 75592, 3571.85, 46);
insert into orders (id, order_date, order_number, total_amount, customer_id) values (289,current_timestamp, 49225, 4238.74, 17);
insert into orders (id, order_date, order_number, total_amount, customer_id) values (290,current_timestamp, 89127, 1079.6, 73);
insert into orders (id, order_date, order_number, total_amount, customer_id) values (291,current_timestamp, 42838, 1959.7, 98);
insert into orders (id, order_date, order_number, total_amount, customer_id) values (292,current_timestamp, 56107, 1447.22, 52);
insert into orders (id, order_date, order_number, total_amount, customer_id) values (293,current_timestamp, 38866, 1991.29, 59);
insert into orders (id, order_date, order_number, total_amount, customer_id) values (294,current_timestamp, 62175, 747.46, 2);
insert into orders (id, order_date, order_number, total_amount, customer_id) values (295,current_timestamp, 47744, 731.45, 80);
insert into orders (id, order_date, order_number, total_amount, customer_id) values (296,current_timestamp, 42924, 486.61, 4);
insert into orders (id, order_date, order_number, total_amount, customer_id) values (297,current_timestamp, 82887, 2566.99, 97);
insert into orders (id, order_date, order_number, total_amount, customer_id) values (298,current_timestamp, 64736, 4023.3, 35);
insert into orders (id, order_date, order_number, total_amount, customer_id) values (299,current_timestamp, 36157, 4672.76, 56);
insert into orders (id, order_date, order_number, total_amount, customer_id) values (300,current_timestamp, 29410, 1626.77, 57);
insert into orders (id, order_date, order_number, total_amount, customer_id) values (301,current_timestamp, 63225, 3005.84, 4);
insert into orders (id, order_date, order_number, total_amount, customer_id) values (302,current_timestamp, 83149, 2860.58, 1);
insert into orders (id, order_date, order_number, total_amount, customer_id) values (303,current_timestamp, 33827, 2396.59, 24);
insert into orders (id, order_date, order_number, total_amount, customer_id) values (304,current_timestamp, 45786, 2953.33, 86);
insert into orders (id, order_date, order_number, total_amount, customer_id) values (305,current_timestamp, 36114, 1808.67, 28);
insert into orders (id, order_date, order_number, total_amount, customer_id) values (306,current_timestamp, 24926, 4925.61, 95);
insert into orders (id, order_date, order_number, total_amount, customer_id) values (307,current_timestamp, 78225, 3798.54, 59);
insert into orders (id, order_date, order_number, total_amount, customer_id) values (308,current_timestamp, 58332, 819.03, 49);
insert into orders (id, order_date, order_number, total_amount, customer_id) values (309,current_timestamp, 66626, 3335.17, 3);
insert into orders (id, order_date, order_number, total_amount, customer_id) values (310,current_timestamp, 88562, 3725.71, 39);
insert into orders (id, order_date, order_number, total_amount, customer_id) values (311,current_timestamp, 2861, 3416.01, 7);
insert into orders (id, order_date, order_number, total_amount, customer_id) values (312,current_timestamp, 28332, 153.68, 42);
insert into orders (id, order_date, order_number, total_amount, customer_id) values (313,current_timestamp, 33381, 2905.42, 24);
insert into orders (id, order_date, order_number, total_amount, customer_id) values (314,current_timestamp, 85652, 3723.5, 49);
insert into orders (id, order_date, order_number, total_amount, customer_id) values (315,current_timestamp, 60426, 1782.85, 40);
insert into orders (id, order_date, order_number, total_amount, customer_id) values (316,current_timestamp, 70897, 4851.34, 32);
insert into orders (id, order_date, order_number, total_amount, customer_id) values (317,current_timestamp, 34201, 546.56, 5);
insert into orders (id, order_date, order_number, total_amount, customer_id) values (318,current_timestamp, 56358, 2629.5, 41);
insert into orders (id, order_date, order_number, total_amount, customer_id) values (319,current_timestamp, 14975, 1679.53, 62);
insert into orders (id, order_date, order_number, total_amount, customer_id) values (320,current_timestamp, 40233, 3650.21, 89);
insert into orders (id, order_date, order_number, total_amount, customer_id) values (321,current_timestamp, 87221, 2479.33, 90);
insert into orders (id, order_date, order_number, total_amount, customer_id) values (322,current_timestamp, 79781, 4072.08, 30);
insert into orders (id, order_date, order_number, total_amount, customer_id) values (323,current_timestamp, 93748, 4345.03, 26);
insert into orders (id, order_date, order_number, total_amount, customer_id) values (324,current_timestamp, 99982, 4776.14, 92);
insert into orders (id, order_date, order_number, total_amount, customer_id) values (325,current_timestamp, 76120, 381.54, 46);
insert into orders (id, order_date, order_number, total_amount, customer_id) values (326,current_timestamp, 49038, 750.79, 27);
insert into orders (id, order_date, order_number, total_amount, customer_id) values (327,current_timestamp, 58764, 259.65, 44);
insert into orders (id, order_date, order_number, total_amount, customer_id) values (328,current_timestamp, 24384, 2505.51, 38);
insert into orders (id, order_date, order_number, total_amount, customer_id) values (329,current_timestamp, 45562, 636.18, 23);
insert into orders (id, order_date, order_number, total_amount, customer_id) values (330,current_timestamp, 70992, 588.17, 51);
insert into orders (id, order_date, order_number, total_amount, customer_id) values (331,current_timestamp, 89773, 4091.96, 61);
insert into orders (id, order_date, order_number, total_amount, customer_id) values (332,current_timestamp, 19905, 405.54, 5);
insert into orders (id, order_date, order_number, total_amount, customer_id) values (333,current_timestamp, 57401, 2507.78, 72);
insert into orders (id, order_date, order_number, total_amount, customer_id) values (334,current_timestamp, 64242, 3860.12, 79);
insert into orders (id, order_date, order_number, total_amount, customer_id) values (335,current_timestamp, 94529, 1436.86, 50);
insert into orders (id, order_date, order_number, total_amount, customer_id) values (336,current_timestamp, 20809, 3080.22, 55);
insert into orders (id, order_date, order_number, total_amount, customer_id) values (337,current_timestamp, 77805, 3217.4, 54);
insert into orders (id, order_date, order_number, total_amount, customer_id) values (338,current_timestamp, 9507, 1528.35, 76);
insert into orders (id, order_date, order_number, total_amount, customer_id) values (339,current_timestamp, 56236, 4770.67, 5);
insert into orders (id, order_date, order_number, total_amount, customer_id) values (340,current_timestamp, 16048, 3341.16, 53);
insert into orders (id, order_date, order_number, total_amount, customer_id) values (341,current_timestamp, 13687, 3372.64, 8);
insert into orders (id, order_date, order_number, total_amount, customer_id) values (342,current_timestamp, 49766, 4251.9, 44);
insert into orders (id, order_date, order_number, total_amount, customer_id) values (343,current_timestamp, 96756, 4536.11, 90);
insert into orders (id, order_date, order_number, total_amount, customer_id) values (344,current_timestamp, 28324, 1010.11, 90);
insert into orders (id, order_date, order_number, total_amount, customer_id) values (345,current_timestamp, 12537, 1985.07, 89);
insert into orders (id, order_date, order_number, total_amount, customer_id) values (346,current_timestamp, 18407, 3609.45, 64);
insert into orders (id, order_date, order_number, total_amount, customer_id) values (347,current_timestamp, 46352, 4877.27, 90);
insert into orders (id, order_date, order_number, total_amount, customer_id) values (348,current_timestamp, 50368, 4331.13, 94);
insert into orders (id, order_date, order_number, total_amount, customer_id) values (349,current_timestamp, 44955, 4328.34, 97);
insert into orders (id, order_date, order_number, total_amount, customer_id) values (350,current_timestamp, 28225, 2257.69, 94);
insert into orders (id, order_date, order_number, total_amount, customer_id) values (351,current_timestamp, 70944, 1214.38, 35);
insert into orders (id, order_date, order_number, total_amount, customer_id) values (352,current_timestamp, 57535, 2145.62, 37);
insert into orders (id, order_date, order_number, total_amount, customer_id) values (353,current_timestamp, 21291, 2007.75, 74);
insert into orders (id, order_date, order_number, total_amount, customer_id) values (354,current_timestamp, 53297, 4285.95, 11);
insert into orders (id, order_date, order_number, total_amount, customer_id) values (355,current_timestamp, 24399, 4935.76, 17);
insert into orders (id, order_date, order_number, total_amount, customer_id) values (356,current_timestamp, 58476, 3665.5, 41);
insert into orders (id, order_date, order_number, total_amount, customer_id) values (357,current_timestamp, 33273, 4820.9, 50);
insert into orders (id, order_date, order_number, total_amount, customer_id) values (358,current_timestamp, 24031, 4583.95, 57);
insert into orders (id, order_date, order_number, total_amount, customer_id) values (359,current_timestamp, 12442, 2050.93, 83);
insert into orders (id, order_date, order_number, total_amount, customer_id) values (360,current_timestamp, 99677, 3375.46, 12);
insert into orders (id, order_date, order_number, total_amount, customer_id) values (361,current_timestamp, 27998, 4731.79, 87);
insert into orders (id, order_date, order_number, total_amount, customer_id) values (362,current_timestamp, 74210, 3645.35, 40);
insert into orders (id, order_date, order_number, total_amount, customer_id) values (363,current_timestamp, 71812, 2894.25, 60);
insert into orders (id, order_date, order_number, total_amount, customer_id) values (364,current_timestamp, 23609, 688.86, 85);
insert into orders (id, order_date, order_number, total_amount, customer_id) values (365,current_timestamp, 85670, 1358.0, 10);
insert into orders (id, order_date, order_number, total_amount, customer_id) values (366,current_timestamp, 68856, 3449.63, 16);
insert into orders (id, order_date, order_number, total_amount, customer_id) values (367,current_timestamp, 81051, 1908.42, 6);
insert into orders (id, order_date, order_number, total_amount, customer_id) values (368,current_timestamp, 78213, 2452.47, 61);
insert into orders (id, order_date, order_number, total_amount, customer_id) values (369,current_timestamp, 91586, 1284.73, 82);
insert into orders (id, order_date, order_number, total_amount, customer_id) values (370,current_timestamp, 87057, 4981.06, 66);
insert into orders (id, order_date, order_number, total_amount, customer_id) values (371,current_timestamp, 95416, 4781.38, 87);
insert into orders (id, order_date, order_number, total_amount, customer_id) values (372,current_timestamp, 48664, 3717.37, 27);
insert into orders (id, order_date, order_number, total_amount, customer_id) values (373,current_timestamp, 45653, 1279.94, 90);
insert into orders (id, order_date, order_number, total_amount, customer_id) values (374,current_timestamp, 69625, 3333.29, 66);
insert into orders (id, order_date, order_number, total_amount, customer_id) values (375,current_timestamp, 31662, 4912.29, 84);
insert into orders (id, order_date, order_number, total_amount, customer_id) values (376,current_timestamp, 72140, 3097.35, 29);
insert into orders (id, order_date, order_number, total_amount, customer_id) values (377,current_timestamp, 71537, 3135.04, 8);
insert into orders (id, order_date, order_number, total_amount, customer_id) values (378,current_timestamp, 71256, 955.9, 90);
insert into orders (id, order_date, order_number, total_amount, customer_id) values (379,current_timestamp, 25123, 2069.3, 74);
insert into orders (id, order_date, order_number, total_amount, customer_id) values (380,current_timestamp, 36563, 529.07, 49);
insert into orders (id, order_date, order_number, total_amount, customer_id) values (381,current_timestamp, 80234, 2301.16, 95);
insert into orders (id, order_date, order_number, total_amount, customer_id) values (382,current_timestamp, 93607, 1489.44, 42);
insert into orders (id, order_date, order_number, total_amount, customer_id) values (383,current_timestamp, 89066, 2088.25, 65);
insert into orders (id, order_date, order_number, total_amount, customer_id) values (384,current_timestamp, 66706, 1163.16, 72);
insert into orders (id, order_date, order_number, total_amount, customer_id) values (385,current_timestamp, 87648, 4239.34, 20);
insert into orders (id, order_date, order_number, total_amount, customer_id) values (386,current_timestamp, 58510, 4880.99, 28);
insert into orders (id, order_date, order_number, total_amount, customer_id) values (387,current_timestamp, 67955, 3887.0, 17);
insert into orders (id, order_date, order_number, total_amount, customer_id) values (388,current_timestamp, 61113, 4100.11, 47);
insert into orders (id, order_date, order_number, total_amount, customer_id) values (389,current_timestamp, 30871, 1575.51, 33);
insert into orders (id, order_date, order_number, total_amount, customer_id) values (390,current_timestamp, 55235, 179.0, 21);
insert into orders (id, order_date, order_number, total_amount, customer_id) values (391,current_timestamp, 98495, 727.59, 46);
insert into orders (id, order_date, order_number, total_amount, customer_id) values (392,current_timestamp, 60204, 4090.51, 59);
insert into orders (id, order_date, order_number, total_amount, customer_id) values (393,current_timestamp, 22284, 2225.7, 40);
insert into orders (id, order_date, order_number, total_amount, customer_id) values (394,current_timestamp, 7503, 3822.16, 56);
insert into orders (id, order_date, order_number, total_amount, customer_id) values (395,current_timestamp, 73260, 2949.53, 15);
insert into orders (id, order_date, order_number, total_amount, customer_id) values (396,current_timestamp, 33440, 2816.44, 23);
insert into orders (id, order_date, order_number, total_amount, customer_id) values (397,current_timestamp, 8240, 368.39, 2);
insert into orders (id, order_date, order_number, total_amount, customer_id) values (398,current_timestamp, 55143, 4719.13, 4);
insert into orders (id, order_date, order_number, total_amount, customer_id) values (399,current_timestamp, 24200, 2016.5, 51);
insert into orders (id, order_date, order_number, total_amount, customer_id) values (400,current_timestamp, 13690, 4036.1, 25);
insert into orders (id, order_date, order_number, total_amount, customer_id) values (401,current_timestamp, 5397, 4615.18, 83);
insert into orders (id, order_date, order_number, total_amount, customer_id) values (402,current_timestamp, 70742, 2471.25, 37);
insert into orders (id, order_date, order_number, total_amount, customer_id) values (403,current_timestamp, 26337, 3033.17, 80);
insert into orders (id, order_date, order_number, total_amount, customer_id) values (404,current_timestamp, 66538, 4366.98, 69);
insert into orders (id, order_date, order_number, total_amount, customer_id) values (405,current_timestamp, 61164, 2637.34, 28);
insert into orders (id, order_date, order_number, total_amount, customer_id) values (406,current_timestamp, 3079, 2964.05, 2);
insert into orders (id, order_date, order_number, total_amount, customer_id) values (407,current_timestamp, 44651, 1015.59, 90);
insert into orders (id, order_date, order_number, total_amount, customer_id) values (408,current_timestamp, 90893, 3216.29, 6);
insert into orders (id, order_date, order_number, total_amount, customer_id) values (409,current_timestamp, 20227, 4085.6, 20);
insert into orders (id, order_date, order_number, total_amount, customer_id) values (410,current_timestamp, 4585, 3049.04, 16);
insert into orders (id, order_date, order_number, total_amount, customer_id) values (411,current_timestamp, 85437, 2598.96, 56);
insert into orders (id, order_date, order_number, total_amount, customer_id) values (412,current_timestamp, 17032, 1874.62, 88);
insert into orders (id, order_date, order_number, total_amount, customer_id) values (413,current_timestamp, 85027, 3783.5, 94);
insert into orders (id, order_date, order_number, total_amount, customer_id) values (414,current_timestamp, 76175, 4367.69, 75);
insert into orders (id, order_date, order_number, total_amount, customer_id) values (415,current_timestamp, 68250, 4528.82, 17);
insert into orders (id, order_date, order_number, total_amount, customer_id) values (416,current_timestamp, 93593, 2278.95, 41);
insert into orders (id, order_date, order_number, total_amount, customer_id) values (417,current_timestamp, 71709, 3181.34, 66);
insert into orders (id, order_date, order_number, total_amount, customer_id) values (418,current_timestamp, 39993, 757.78, 91);
insert into orders (id, order_date, order_number, total_amount, customer_id) values (419,current_timestamp, 86446, 2100.88, 43);
insert into orders (id, order_date, order_number, total_amount, customer_id) values (420,current_timestamp, 13366, 4619.25, 65);
insert into orders (id, order_date, order_number, total_amount, customer_id) values (421,current_timestamp, 35076, 3162.71, 40);
insert into orders (id, order_date, order_number, total_amount, customer_id) values (422,current_timestamp, 42662, 3927.62, 58);
insert into orders (id, order_date, order_number, total_amount, customer_id) values (423,current_timestamp, 52553, 3095.11, 56);
insert into orders (id, order_date, order_number, total_amount, customer_id) values (424,current_timestamp, 57718, 4129.56, 44);
insert into orders (id, order_date, order_number, total_amount, customer_id) values (425,current_timestamp, 23229, 1467.61, 94);
insert into orders (id, order_date, order_number, total_amount, customer_id) values (426,current_timestamp, 13996, 4144.91, 48);
insert into orders (id, order_date, order_number, total_amount, customer_id) values (427,current_timestamp, 37641, 2518.87, 92);
insert into orders (id, order_date, order_number, total_amount, customer_id) values (428,current_timestamp, 93322, 269.06, 1);
insert into orders (id, order_date, order_number, total_amount, customer_id) values (429,current_timestamp, 95660, 3583.05, 62);
insert into orders (id, order_date, order_number, total_amount, customer_id) values (430,current_timestamp, 8762, 2510.36, 38);
insert into orders (id, order_date, order_number, total_amount, customer_id) values (431,current_timestamp, 60792, 4053.1, 61);
insert into orders (id, order_date, order_number, total_amount, customer_id) values (432,current_timestamp, 74627, 498.39, 85);
insert into orders (id, order_date, order_number, total_amount, customer_id) values (433,current_timestamp, 1962, 1738.66, 21);
insert into orders (id, order_date, order_number, total_amount, customer_id) values (434,current_timestamp, 37599, 4094.88, 79);
insert into orders (id, order_date, order_number, total_amount, customer_id) values (435,current_timestamp, 91631, 1988.2, 79);
insert into orders (id, order_date, order_number, total_amount, customer_id) values (436,current_timestamp, 13690, 4047.6, 37);
insert into orders (id, order_date, order_number, total_amount, customer_id) values (437,current_timestamp, 80303, 2130.37, 73);
insert into orders (id, order_date, order_number, total_amount, customer_id) values (438,current_timestamp, 16737, 4254.48, 38);
insert into orders (id, order_date, order_number, total_amount, customer_id) values (439,current_timestamp, 1576, 4973.55, 23);
insert into orders (id, order_date, order_number, total_amount, customer_id) values (440,current_timestamp, 26875, 3192.0, 12);
insert into orders (id, order_date, order_number, total_amount, customer_id) values (441,current_timestamp, 4989, 2540.52, 87);
insert into orders (id, order_date, order_number, total_amount, customer_id) values (442,current_timestamp, 16084, 2751.54, 34);
insert into orders (id, order_date, order_number, total_amount, customer_id) values (443,current_timestamp, 41085, 4511.1, 2);
insert into orders (id, order_date, order_number, total_amount, customer_id) values (444,current_timestamp, 45245, 1723.93, 62);
insert into orders (id, order_date, order_number, total_amount, customer_id) values (445,current_timestamp, 9234, 801.11, 48);
insert into orders (id, order_date, order_number, total_amount, customer_id) values (446,current_timestamp, 86537, 1539.37, 53);
insert into orders (id, order_date, order_number, total_amount, customer_id) values (447,current_timestamp, 25679, 4909.35, 14);
insert into orders (id, order_date, order_number, total_amount, customer_id) values (448,current_timestamp, 2129, 2355.46, 10);
insert into orders (id, order_date, order_number, total_amount, customer_id) values (449,current_timestamp, 57585, 2104.95, 93);
insert into orders (id, order_date, order_number, total_amount, customer_id) values (450,current_timestamp, 91425, 1892.16, 99);
insert into orders (id, order_date, order_number, total_amount, customer_id) values (451,current_timestamp, 62178, 2530.27, 90);
insert into orders (id, order_date, order_number, total_amount, customer_id) values (452,current_timestamp, 6625, 1246.51, 76);
insert into orders (id, order_date, order_number, total_amount, customer_id) values (453,current_timestamp, 27029, 499.51, 61);
insert into orders (id, order_date, order_number, total_amount, customer_id) values (454,current_timestamp, 16062, 443.21, 13);
insert into orders (id, order_date, order_number, total_amount, customer_id) values (455,current_timestamp, 70729, 3814.41, 89);
insert into orders (id, order_date, order_number, total_amount, customer_id) values (456,current_timestamp, 41064, 409.33, 69);
insert into orders (id, order_date, order_number, total_amount, customer_id) values (457,current_timestamp, 51484, 3832.94, 42);
insert into orders (id, order_date, order_number, total_amount, customer_id) values (458,current_timestamp, 90684, 4602.33, 11);
insert into orders (id, order_date, order_number, total_amount, customer_id) values (459,current_timestamp, 1774, 1177.87, 48);
insert into orders (id, order_date, order_number, total_amount, customer_id) values (460,current_timestamp, 50252, 869.67, 21);
insert into orders (id, order_date, order_number, total_amount, customer_id) values (461,current_timestamp, 88976, 2125.04, 42);
insert into orders (id, order_date, order_number, total_amount, customer_id) values (462,current_timestamp, 66597, 4434.64, 50);
insert into orders (id, order_date, order_number, total_amount, customer_id) values (463,current_timestamp, 17589, 3839.04, 40);
insert into orders (id, order_date, order_number, total_amount, customer_id) values (464,current_timestamp, 11112, 3199.3, 54);
insert into orders (id, order_date, order_number, total_amount, customer_id) values (465,current_timestamp, 17969, 2445.15, 71);
insert into orders (id, order_date, order_number, total_amount, customer_id) values (466,current_timestamp, 17682, 2436.16, 46);
insert into orders (id, order_date, order_number, total_amount, customer_id) values (467,current_timestamp, 33437, 2501.51, 35);
insert into orders (id, order_date, order_number, total_amount, customer_id) values (468,current_timestamp, 95404, 3926.5, 58);
insert into orders (id, order_date, order_number, total_amount, customer_id) values (469,current_timestamp, 32199, 662.71, 24);
insert into orders (id, order_date, order_number, total_amount, customer_id) values (470,current_timestamp, 75813, 1185.59, 57);
insert into orders (id, order_date, order_number, total_amount, customer_id) values (471,current_timestamp, 80133, 276.02, 34);
insert into orders (id, order_date, order_number, total_amount, customer_id) values (472,current_timestamp, 72517, 223.7, 39);
insert into orders (id, order_date, order_number, total_amount, customer_id) values (473,current_timestamp, 81685, 618.16, 33);
insert into orders (id, order_date, order_number, total_amount, customer_id) values (474,current_timestamp, 12299, 4501.59, 59);
insert into orders (id, order_date, order_number, total_amount, customer_id) values (475,current_timestamp, 14807, 1403.32, 32);
insert into orders (id, order_date, order_number, total_amount, customer_id) values (476,current_timestamp, 32459, 1319.3, 72);
insert into orders (id, order_date, order_number, total_amount, customer_id) values (477,current_timestamp, 53295, 1281.91, 84);
insert into orders (id, order_date, order_number, total_amount, customer_id) values (478,current_timestamp, 30934, 2649.84, 83);
insert into orders (id, order_date, order_number, total_amount, customer_id) values (479,current_timestamp, 1627, 1761.02, 78);
insert into orders (id, order_date, order_number, total_amount, customer_id) values (480,current_timestamp, 43569, 4587.32, 44);
insert into orders (id, order_date, order_number, total_amount, customer_id) values (481,current_timestamp, 74106, 652.13, 35);
insert into orders (id, order_date, order_number, total_amount, customer_id) values (482,current_timestamp, 2548, 2946.3, 41);
insert into orders (id, order_date, order_number, total_amount, customer_id) values (483,current_timestamp, 53279, 3727.29, 95);
insert into orders (id, order_date, order_number, total_amount, customer_id) values (484,current_timestamp, 39882, 641.51, 88);
insert into orders (id, order_date, order_number, total_amount, customer_id) values (485,current_timestamp, 96129, 3098.45, 48);
insert into orders (id, order_date, order_number, total_amount, customer_id) values (486,current_timestamp, 91120, 1692.89, 75);
insert into orders (id, order_date, order_number, total_amount, customer_id) values (487,current_timestamp, 9256, 3268.42, 47);
insert into orders (id, order_date, order_number, total_amount, customer_id) values (488,current_timestamp, 89477, 2245.49, 62);
insert into orders (id, order_date, order_number, total_amount, customer_id) values (489,current_timestamp, 89927, 4752.09, 54);
insert into orders (id, order_date, order_number, total_amount, customer_id) values (490,current_timestamp, 36951, 1796.93, 69);
insert into orders (id, order_date, order_number, total_amount, customer_id) values (491,current_timestamp, 90346, 3974.7, 69);
insert into orders (id, order_date, order_number, total_amount, customer_id) values (492,current_timestamp, 84503, 2031.09, 13);
insert into orders (id, order_date, order_number, total_amount, customer_id) values (493,current_timestamp, 72872, 653.27, 69);
insert into orders (id, order_date, order_number, total_amount, customer_id) values (494,current_timestamp, 25874, 1113.2, 60);
insert into orders (id, order_date, order_number, total_amount, customer_id) values (495,current_timestamp, 57930, 2913.89, 63);
insert into orders (id, order_date, order_number, total_amount, customer_id) values (496,current_timestamp, 42537, 2891.15, 98);
insert into orders (id, order_date, order_number, total_amount, customer_id) values (497,current_timestamp, 75024, 2910.26, 83);
insert into orders (id, order_date, order_number, total_amount, customer_id) values (498,current_timestamp, 93963, 2527.32, 65);
insert into orders (id, order_date, order_number, total_amount, customer_id) values (499,current_timestamp, 5906, 2040.42, 15);
insert into orders (id, order_date, order_number, total_amount, customer_id) values (500,current_timestamp, 56773, 4455.94, 10);
insert into orders (id, order_date, order_number, total_amount, customer_id) values (501,current_timestamp, 51086, 1560.28, 76);
insert into orders (id, order_date, order_number, total_amount, customer_id) values (502,current_timestamp, 59321, 4108.43, 73);
insert into orders (id, order_date, order_number, total_amount, customer_id) values (503,current_timestamp, 41359, 4780.14, 55);
insert into orders (id, order_date, order_number, total_amount, customer_id) values (504,current_timestamp, 82120, 3754.52, 67);
insert into orders (id, order_date, order_number, total_amount, customer_id) values (505,current_timestamp, 51492, 3237.22, 60);
insert into orders (id, order_date, order_number, total_amount, customer_id) values (506,current_timestamp, 17921, 3577.71, 67);
insert into orders (id, order_date, order_number, total_amount, customer_id) values (507,current_timestamp, 87872, 1863.5, 62);
insert into orders (id, order_date, order_number, total_amount, customer_id) values (508,current_timestamp, 83488, 2423.78, 37);
insert into orders (id, order_date, order_number, total_amount, customer_id) values (509,current_timestamp, 86662, 3571.13, 15);
insert into orders (id, order_date, order_number, total_amount, customer_id) values (510,current_timestamp, 5505, 1399.33, 81);
insert into orders (id, order_date, order_number, total_amount, customer_id) values (511,current_timestamp, 50224, 1850.0, 36);
insert into orders (id, order_date, order_number, total_amount, customer_id) values (512,current_timestamp, 5185, 3451.79, 24);
insert into orders (id, order_date, order_number, total_amount, customer_id) values (513,current_timestamp, 3264, 351.97, 73);
insert into orders (id, order_date, order_number, total_amount, customer_id) values (514,current_timestamp, 62155, 2591.93, 19);
insert into orders (id, order_date, order_number, total_amount, customer_id) values (515,current_timestamp, 38510, 1925.03, 31);
insert into orders (id, order_date, order_number, total_amount, customer_id) values (516,current_timestamp, 96224, 2837.96, 68);
insert into orders (id, order_date, order_number, total_amount, customer_id) values (517,current_timestamp, 76022, 339.07, 36);
insert into orders (id, order_date, order_number, total_amount, customer_id) values (518,current_timestamp, 95183, 3979.19, 64);
insert into orders (id, order_date, order_number, total_amount, customer_id) values (519,current_timestamp, 64377, 4676.78, 72);
insert into orders (id, order_date, order_number, total_amount, customer_id) values (520,current_timestamp, 47566, 3396.41, 64);
insert into orders (id, order_date, order_number, total_amount, customer_id) values (521,current_timestamp, 21552, 1890.24, 26);
insert into orders (id, order_date, order_number, total_amount, customer_id) values (522,current_timestamp, 95628, 3673.65, 42);
insert into orders (id, order_date, order_number, total_amount, customer_id) values (523,current_timestamp, 71114, 4087.72, 72);
insert into orders (id, order_date, order_number, total_amount, customer_id) values (524,current_timestamp, 89590, 2087.52, 27);
insert into orders (id, order_date, order_number, total_amount, customer_id) values (525,current_timestamp, 31217, 1328.18, 56);
insert into orders (id, order_date, order_number, total_amount, customer_id) values (526,current_timestamp, 35401, 148.31, 56);
insert into orders (id, order_date, order_number, total_amount, customer_id) values (527,current_timestamp, 85132, 1467.43, 16);
insert into orders (id, order_date, order_number, total_amount, customer_id) values (528,current_timestamp, 29635, 1899.24, 57);
insert into orders (id, order_date, order_number, total_amount, customer_id) values (529,current_timestamp, 17118, 858.68, 46);
insert into orders (id, order_date, order_number, total_amount, customer_id) values (530,current_timestamp, 20179, 1427.86, 7);
insert into orders (id, order_date, order_number, total_amount, customer_id) values (531,current_timestamp, 71305, 2975.97, 73);
insert into orders (id, order_date, order_number, total_amount, customer_id) values (532,current_timestamp, 20197, 2531.45, 41);
insert into orders (id, order_date, order_number, total_amount, customer_id) values (533,current_timestamp, 12584, 622.3, 18);
insert into orders (id, order_date, order_number, total_amount, customer_id) values (534,current_timestamp, 60421, 3068.55, 70);
insert into orders (id, order_date, order_number, total_amount, customer_id) values (535,current_timestamp, 65637, 4580.2, 84);
insert into orders (id, order_date, order_number, total_amount, customer_id) values (536,current_timestamp, 17581, 3663.65, 12);
insert into orders (id, order_date, order_number, total_amount, customer_id) values (537,current_timestamp, 3580, 1687.27, 65);
insert into orders (id, order_date, order_number, total_amount, customer_id) values (538,current_timestamp, 18956, 4539.6, 90);
insert into orders (id, order_date, order_number, total_amount, customer_id) values (539,current_timestamp, 59367, 1130.37, 15);
insert into orders (id, order_date, order_number, total_amount, customer_id) values (540,current_timestamp, 24543, 3889.9, 92);
insert into orders (id, order_date, order_number, total_amount, customer_id) values (541,current_timestamp, 76665, 3053.72, 17);
insert into orders (id, order_date, order_number, total_amount, customer_id) values (542,current_timestamp, 36662, 3437.94, 67);
insert into orders (id, order_date, order_number, total_amount, customer_id) values (543,current_timestamp, 4306, 611.37, 25);
insert into orders (id, order_date, order_number, total_amount, customer_id) values (544,current_timestamp, 13368, 3988.15, 82);
insert into orders (id, order_date, order_number, total_amount, customer_id) values (545,current_timestamp, 21050, 3317.85, 70);
insert into orders (id, order_date, order_number, total_amount, customer_id) values (546,current_timestamp, 64004, 642.47, 45);
insert into orders (id, order_date, order_number, total_amount, customer_id) values (547,current_timestamp, 61892, 3796.09, 99);
insert into orders (id, order_date, order_number, total_amount, customer_id) values (548,current_timestamp, 41435, 4380.9, 33);
insert into orders (id, order_date, order_number, total_amount, customer_id) values (549,current_timestamp, 86124, 4172.93, 37);
insert into orders (id, order_date, order_number, total_amount, customer_id) values (550,current_timestamp, 41590, 4809.74, 90);
insert into orders (id, order_date, order_number, total_amount, customer_id) values (551,current_timestamp, 81697, 4173.18, 9);
insert into orders (id, order_date, order_number, total_amount, customer_id) values (552,current_timestamp, 17390, 3232.58, 10);
insert into orders (id, order_date, order_number, total_amount, customer_id) values (553,current_timestamp, 34509, 793.42, 39);
insert into orders (id, order_date, order_number, total_amount, customer_id) values (554,current_timestamp, 6946, 3061.46, 10);
insert into orders (id, order_date, order_number, total_amount, customer_id) values (555,current_timestamp, 87961, 4297.53, 17);
insert into orders (id, order_date, order_number, total_amount, customer_id) values (556,current_timestamp, 72162, 3857.49, 3);
insert into orders (id, order_date, order_number, total_amount, customer_id) values (557,current_timestamp, 81902, 2623.16, 18);
insert into orders (id, order_date, order_number, total_amount, customer_id) values (558,current_timestamp, 47882, 2096.09, 79);
insert into orders (id, order_date, order_number, total_amount, customer_id) values (559,current_timestamp, 77958, 1097.08, 3);
insert into orders (id, order_date, order_number, total_amount, customer_id) values (560,current_timestamp, 23362, 464.48, 5);
insert into orders (id, order_date, order_number, total_amount, customer_id) values (561,current_timestamp, 31846, 800.23, 20);
insert into orders (id, order_date, order_number, total_amount, customer_id) values (562,current_timestamp, 54687, 1246.92, 35);
insert into orders (id, order_date, order_number, total_amount, customer_id) values (563,current_timestamp, 47357, 2844.34, 95);
insert into orders (id, order_date, order_number, total_amount, customer_id) values (564,current_timestamp, 41480, 343.29, 48);
insert into orders (id, order_date, order_number, total_amount, customer_id) values (565,current_timestamp, 23148, 3970.44, 86);
insert into orders (id, order_date, order_number, total_amount, customer_id) values (566,current_timestamp, 89906, 3372.09, 85);
insert into orders (id, order_date, order_number, total_amount, customer_id) values (567,current_timestamp, 26143, 2456.38, 18);
insert into orders (id, order_date, order_number, total_amount, customer_id) values (568,current_timestamp, 72801, 430.43, 43);
insert into orders (id, order_date, order_number, total_amount, customer_id) values (569,current_timestamp, 11525, 2486.9, 90);
insert into orders (id, order_date, order_number, total_amount, customer_id) values (570,current_timestamp, 7567, 4925.61, 27);
insert into orders (id, order_date, order_number, total_amount, customer_id) values (571,current_timestamp, 81579, 3586.63, 96);
insert into orders (id, order_date, order_number, total_amount, customer_id) values (572,current_timestamp, 11204, 1839.63, 31);
insert into orders (id, order_date, order_number, total_amount, customer_id) values (573,current_timestamp, 9335, 3806.03, 74);
insert into orders (id, order_date, order_number, total_amount, customer_id) values (574,current_timestamp, 99434, 2273.65, 53);
insert into orders (id, order_date, order_number, total_amount, customer_id) values (575,current_timestamp, 94238, 1471.81, 87);
insert into orders (id, order_date, order_number, total_amount, customer_id) values (576,current_timestamp, 67831, 3346.53, 48);
insert into orders (id, order_date, order_number, total_amount, customer_id) values (577,current_timestamp, 73617, 1447.31, 26);
insert into orders (id, order_date, order_number, total_amount, customer_id) values (578,current_timestamp, 76895, 4285.96, 32);
insert into orders (id, order_date, order_number, total_amount, customer_id) values (579,current_timestamp, 50019, 2731.96, 87);
insert into orders (id, order_date, order_number, total_amount, customer_id) values (580,current_timestamp, 77322, 579.32, 60);
insert into orders (id, order_date, order_number, total_amount, customer_id) values (581,current_timestamp, 86852, 4405.51, 35);
insert into orders (id, order_date, order_number, total_amount, customer_id) values (582,current_timestamp, 16447, 2208.46, 33);
insert into orders (id, order_date, order_number, total_amount, customer_id) values (583,current_timestamp, 5567, 1998.97, 44);
insert into orders (id, order_date, order_number, total_amount, customer_id) values (584,current_timestamp, 83551, 2100.29, 88);
insert into orders (id, order_date, order_number, total_amount, customer_id) values (585,current_timestamp, 24454, 1287.67, 91);
insert into orders (id, order_date, order_number, total_amount, customer_id) values (586,current_timestamp, 38959, 4274.41, 9);
insert into orders (id, order_date, order_number, total_amount, customer_id) values (587,current_timestamp, 64882, 3298.31, 65);
insert into orders (id, order_date, order_number, total_amount, customer_id) values (588,current_timestamp, 36163, 4554.86, 63);
insert into orders (id, order_date, order_number, total_amount, customer_id) values (589,current_timestamp, 93107, 2126.92, 86);
insert into orders (id, order_date, order_number, total_amount, customer_id) values (590,current_timestamp, 5100, 2663.96, 66);
insert into orders (id, order_date, order_number, total_amount, customer_id) values (591,current_timestamp, 49039, 514.82, 89);
insert into orders (id, order_date, order_number, total_amount, customer_id) values (592,current_timestamp, 41226, 1978.05, 16);
insert into orders (id, order_date, order_number, total_amount, customer_id) values (593,current_timestamp, 96629, 1902.08, 35);
insert into orders (id, order_date, order_number, total_amount, customer_id) values (594,current_timestamp, 7834, 2466.76, 99);
insert into orders (id, order_date, order_number, total_amount, customer_id) values (595,current_timestamp, 3322, 509.21, 1);
insert into orders (id, order_date, order_number, total_amount, customer_id) values (596,current_timestamp, 25527, 161.26, 9);
insert into orders (id, order_date, order_number, total_amount, customer_id) values (597,current_timestamp, 99341, 890.64, 82);
insert into orders (id, order_date, order_number, total_amount, customer_id) values (598,current_timestamp, 9645, 1232.24, 19);
insert into orders (id, order_date, order_number, total_amount, customer_id) values (599,current_timestamp, 12825, 3488.19, 6);
insert into orders (id, order_date, order_number, total_amount, customer_id) values (600,current_timestamp, 28661, 3858.28, 100);
insert into orders (id, order_date, order_number, total_amount, customer_id) values (601,current_timestamp, 24955, 3309.07, 88);
insert into orders (id, order_date, order_number, total_amount, customer_id) values (602,current_timestamp, 15880, 4408.04, 57);
insert into orders (id, order_date, order_number, total_amount, customer_id) values (603,current_timestamp, 13912, 1685.84, 31);
insert into orders (id, order_date, order_number, total_amount, customer_id) values (604,current_timestamp, 75380, 2360.6, 24);
insert into orders (id, order_date, order_number, total_amount, customer_id) values (605,current_timestamp, 61479, 1572.25, 26);
insert into orders (id, order_date, order_number, total_amount, customer_id) values (606,current_timestamp, 5592, 1540.3, 13);
insert into orders (id, order_date, order_number, total_amount, customer_id) values (607,current_timestamp, 61149, 2955.52, 18);
insert into orders (id, order_date, order_number, total_amount, customer_id) values (608,current_timestamp, 64189, 235.89, 88);
insert into orders (id, order_date, order_number, total_amount, customer_id) values (609,current_timestamp, 67440, 2388.06, 21);
insert into orders (id, order_date, order_number, total_amount, customer_id) values (610,current_timestamp, 37805, 2301.75, 29);
insert into orders (id, order_date, order_number, total_amount, customer_id) values (611,current_timestamp, 31645, 740.61, 18);
insert into orders (id, order_date, order_number, total_amount, customer_id) values (612,current_timestamp, 86221, 3926.31, 37);
insert into orders (id, order_date, order_number, total_amount, customer_id) values (613,current_timestamp, 32823, 2025.32, 91);
insert into orders (id, order_date, order_number, total_amount, customer_id) values (614,current_timestamp, 53434, 4053.08, 27);
insert into orders (id, order_date, order_number, total_amount, customer_id) values (615,current_timestamp, 96538, 1314.39, 82);
insert into orders (id, order_date, order_number, total_amount, customer_id) values (616,current_timestamp, 9778, 4888.43, 26);
insert into orders (id, order_date, order_number, total_amount, customer_id) values (617,current_timestamp, 78243, 268.2, 72);
insert into orders (id, order_date, order_number, total_amount, customer_id) values (618,current_timestamp, 84009, 1204.83, 14);
insert into orders (id, order_date, order_number, total_amount, customer_id) values (619,current_timestamp, 8952, 349.33, 56);
insert into orders (id, order_date, order_number, total_amount, customer_id) values (620,current_timestamp, 39016, 4045.11, 80);
insert into orders (id, order_date, order_number, total_amount, customer_id) values (621,current_timestamp, 65277, 1902.74, 49);
insert into orders (id, order_date, order_number, total_amount, customer_id) values (622,current_timestamp, 83156, 1011.24, 21);
insert into orders (id, order_date, order_number, total_amount, customer_id) values (623,current_timestamp, 18049, 2421.98, 63);
insert into orders (id, order_date, order_number, total_amount, customer_id) values (624,current_timestamp, 44014, 542.49, 40);
insert into orders (id, order_date, order_number, total_amount, customer_id) values (625,current_timestamp, 64570, 2881.95, 94);
insert into orders (id, order_date, order_number, total_amount, customer_id) values (626,current_timestamp, 64590, 3049.73, 49);
insert into orders (id, order_date, order_number, total_amount, customer_id) values (627,current_timestamp, 50628, 294.12, 7);
insert into orders (id, order_date, order_number, total_amount, customer_id) values (628,current_timestamp, 39057, 3347.37, 50);
insert into orders (id, order_date, order_number, total_amount, customer_id) values (629,current_timestamp, 72107, 1907.28, 85);
insert into orders (id, order_date, order_number, total_amount, customer_id) values (630,current_timestamp, 48492, 4659.28, 86);
insert into orders (id, order_date, order_number, total_amount, customer_id) values (631,current_timestamp, 73991, 961.44, 74);
insert into orders (id, order_date, order_number, total_amount, customer_id) values (632,current_timestamp, 82111, 1636.13, 29);
insert into orders (id, order_date, order_number, total_amount, customer_id) values (633,current_timestamp, 48629, 1499.68, 65);
insert into orders (id, order_date, order_number, total_amount, customer_id) values (634,current_timestamp, 63944, 3476.31, 63);
insert into orders (id, order_date, order_number, total_amount, customer_id) values (635,current_timestamp, 27369, 2538.96, 35);
insert into orders (id, order_date, order_number, total_amount, customer_id) values (636,current_timestamp, 87239, 2579.94, 19);
insert into orders (id, order_date, order_number, total_amount, customer_id) values (637,current_timestamp, 5953, 4638.92, 57);
insert into orders (id, order_date, order_number, total_amount, customer_id) values (638,current_timestamp, 75196, 372.08, 27);
insert into orders (id, order_date, order_number, total_amount, customer_id) values (639,current_timestamp, 9538, 4454.65, 86);
insert into orders (id, order_date, order_number, total_amount, customer_id) values (640,current_timestamp, 46356, 3321.14, 91);
insert into orders (id, order_date, order_number, total_amount, customer_id) values (641,current_timestamp, 77407, 4810.53, 1);
insert into orders (id, order_date, order_number, total_amount, customer_id) values (642,current_timestamp, 68956, 3068.38, 88);
insert into orders (id, order_date, order_number, total_amount, customer_id) values (643,current_timestamp, 77906, 4846.17, 9);
insert into orders (id, order_date, order_number, total_amount, customer_id) values (644,current_timestamp, 55654, 3983.16, 92);
insert into orders (id, order_date, order_number, total_amount, customer_id) values (645,current_timestamp, 60211, 339.16, 26);
insert into orders (id, order_date, order_number, total_amount, customer_id) values (646,current_timestamp, 24775, 4638.24, 38);
insert into orders (id, order_date, order_number, total_amount, customer_id) values (647,current_timestamp, 94296, 2205.84, 63);
insert into orders (id, order_date, order_number, total_amount, customer_id) values (648,current_timestamp, 89146, 3168.38, 65);
insert into orders (id, order_date, order_number, total_amount, customer_id) values (649,current_timestamp, 20339, 3588.55, 7);
insert into orders (id, order_date, order_number, total_amount, customer_id) values (650,current_timestamp, 70278, 3605.85, 37);
insert into orders (id, order_date, order_number, total_amount, customer_id) values (651,current_timestamp, 29396, 2915.2, 45);
insert into orders (id, order_date, order_number, total_amount, customer_id) values (652,current_timestamp, 77997, 622.54, 13);
insert into orders (id, order_date, order_number, total_amount, customer_id) values (653,current_timestamp, 5798, 2805.97, 10);
insert into orders (id, order_date, order_number, total_amount, customer_id) values (654,current_timestamp, 21509, 2157.49, 38);
insert into orders (id, order_date, order_number, total_amount, customer_id) values (655,current_timestamp, 80854, 2099.35, 27);
insert into orders (id, order_date, order_number, total_amount, customer_id) values (656,current_timestamp, 41788, 2093.33, 19);
insert into orders (id, order_date, order_number, total_amount, customer_id) values (657,current_timestamp, 76163, 2429.08, 82);
insert into orders (id, order_date, order_number, total_amount, customer_id) values (658,current_timestamp, 32771, 3896.33, 28);
insert into orders (id, order_date, order_number, total_amount, customer_id) values (659,current_timestamp, 55427, 4033.87, 58);
insert into orders (id, order_date, order_number, total_amount, customer_id) values (660,current_timestamp, 37977, 2228.26, 57);
insert into orders (id, order_date, order_number, total_amount, customer_id) values (661,current_timestamp, 46268, 3986.53, 97);
insert into orders (id, order_date, order_number, total_amount, customer_id) values (662,current_timestamp, 38157, 2258.47, 51);
insert into orders (id, order_date, order_number, total_amount, customer_id) values (663,current_timestamp, 58759, 2740.59, 97);
insert into orders (id, order_date, order_number, total_amount, customer_id) values (664,current_timestamp, 3292, 2443.5, 91);
insert into orders (id, order_date, order_number, total_amount, customer_id) values (665,current_timestamp, 28498, 2939.34, 4);
insert into orders (id, order_date, order_number, total_amount, customer_id) values (666,current_timestamp, 4101, 1450.82, 3);
insert into orders (id, order_date, order_number, total_amount, customer_id) values (667,current_timestamp, 29088, 3437.9, 29);
insert into orders (id, order_date, order_number, total_amount, customer_id) values (668,current_timestamp, 58924, 1589.43, 25);
insert into orders (id, order_date, order_number, total_amount, customer_id) values (669,current_timestamp, 31064, 4369.36, 86);
insert into orders (id, order_date, order_number, total_amount, customer_id) values (670,current_timestamp, 68497, 4229.58, 70);
insert into orders (id, order_date, order_number, total_amount, customer_id) values (671,current_timestamp, 81223, 1559.7, 51);
insert into orders (id, order_date, order_number, total_amount, customer_id) values (672,current_timestamp, 58370, 4502.01, 26);
insert into orders (id, order_date, order_number, total_amount, customer_id) values (673,current_timestamp, 53184, 2209.86, 18);
insert into orders (id, order_date, order_number, total_amount, customer_id) values (674,current_timestamp, 30001, 888.7, 28);
insert into orders (id, order_date, order_number, total_amount, customer_id) values (675,current_timestamp, 30863, 4090.72, 100);
insert into orders (id, order_date, order_number, total_amount, customer_id) values (676,current_timestamp, 95226, 370.8, 7);
insert into orders (id, order_date, order_number, total_amount, customer_id) values (677,current_timestamp, 91244, 1720.29, 18);
insert into orders (id, order_date, order_number, total_amount, customer_id) values (678,current_timestamp, 92662, 518.25, 39);
insert into orders (id, order_date, order_number, total_amount, customer_id) values (679,current_timestamp, 38375, 3148.63, 65);
insert into orders (id, order_date, order_number, total_amount, customer_id) values (680,current_timestamp, 65360, 3668.11, 14);
insert into orders (id, order_date, order_number, total_amount, customer_id) values (681,current_timestamp, 32382, 571.64, 55);
insert into orders (id, order_date, order_number, total_amount, customer_id) values (682,current_timestamp, 53816, 837.96, 9);
insert into orders (id, order_date, order_number, total_amount, customer_id) values (683,current_timestamp, 96200, 827.87, 20);
insert into orders (id, order_date, order_number, total_amount, customer_id) values (684,current_timestamp, 91223, 503.57, 59);
insert into orders (id, order_date, order_number, total_amount, customer_id) values (685,current_timestamp, 23607, 4824.3, 33);
insert into orders (id, order_date, order_number, total_amount, customer_id) values (686,current_timestamp, 27043, 3441.51, 96);
insert into orders (id, order_date, order_number, total_amount, customer_id) values (687,current_timestamp, 69544, 997.44, 98);
insert into orders (id, order_date, order_number, total_amount, customer_id) values (688,current_timestamp, 63648, 932.11, 27);
insert into orders (id, order_date, order_number, total_amount, customer_id) values (689,current_timestamp, 77157, 2295.15, 44);
insert into orders (id, order_date, order_number, total_amount, customer_id) values (690,current_timestamp, 34425, 4311.19, 84);
insert into orders (id, order_date, order_number, total_amount, customer_id) values (691,current_timestamp, 49541, 3601.47, 64);
insert into orders (id, order_date, order_number, total_amount, customer_id) values (692,current_timestamp, 32957, 626.22, 93);
insert into orders (id, order_date, order_number, total_amount, customer_id) values (693,current_timestamp, 6634, 1313.3, 72);
insert into orders (id, order_date, order_number, total_amount, customer_id) values (694,current_timestamp, 65690, 3225.57, 3);
insert into orders (id, order_date, order_number, total_amount, customer_id) values (695,current_timestamp, 14966, 1839.24, 18);
insert into orders (id, order_date, order_number, total_amount, customer_id) values (696,current_timestamp, 82039, 3977.81, 81);
insert into orders (id, order_date, order_number, total_amount, customer_id) values (697,current_timestamp, 21749, 917.74, 72);
insert into orders (id, order_date, order_number, total_amount, customer_id) values (698,current_timestamp, 2573, 4491.17, 35);
insert into orders (id, order_date, order_number, total_amount, customer_id) values (699,current_timestamp, 93581, 4211.89, 8);
insert into orders (id, order_date, order_number, total_amount, customer_id) values (700,current_timestamp, 95487, 2605.21, 72);
insert into orders (id, order_date, order_number, total_amount, customer_id) values (701,current_timestamp, 34286, 1383.26, 51);
insert into orders (id, order_date, order_number, total_amount, customer_id) values (702,current_timestamp, 16342, 2913.76, 16);
insert into orders (id, order_date, order_number, total_amount, customer_id) values (703,current_timestamp, 17823, 227.3, 100);
insert into orders (id, order_date, order_number, total_amount, customer_id) values (704,current_timestamp, 42625, 4393.94, 61);
insert into orders (id, order_date, order_number, total_amount, customer_id) values (705,current_timestamp, 44805, 2907.51, 1);
insert into orders (id, order_date, order_number, total_amount, customer_id) values (706,current_timestamp, 10790, 4127.93, 41);
insert into orders (id, order_date, order_number, total_amount, customer_id) values (707,current_timestamp, 39673, 1889.94, 95);
insert into orders (id, order_date, order_number, total_amount, customer_id) values (708,current_timestamp, 56355, 3328.58, 11);
insert into orders (id, order_date, order_number, total_amount, customer_id) values (709,current_timestamp, 26959, 4611.1, 98);
insert into orders (id, order_date, order_number, total_amount, customer_id) values (710,current_timestamp, 32898, 4579.85, 5);
insert into orders (id, order_date, order_number, total_amount, customer_id) values (711,current_timestamp, 37179, 1019.09, 24);
insert into orders (id, order_date, order_number, total_amount, customer_id) values (712,current_timestamp, 70554, 3728.62, 99);
insert into orders (id, order_date, order_number, total_amount, customer_id) values (713,current_timestamp, 20698, 4474.37, 37);
insert into orders (id, order_date, order_number, total_amount, customer_id) values (714,current_timestamp, 70274, 4068.41, 20);
insert into orders (id, order_date, order_number, total_amount, customer_id) values (715,current_timestamp, 27974, 875.85, 93);
insert into orders (id, order_date, order_number, total_amount, customer_id) values (716,current_timestamp, 25616, 4915.47, 3);
insert into orders (id, order_date, order_number, total_amount, customer_id) values (717,current_timestamp, 41811, 2661.45, 14);
insert into orders (id, order_date, order_number, total_amount, customer_id) values (718,current_timestamp, 50568, 2004.82, 25);
insert into orders (id, order_date, order_number, total_amount, customer_id) values (719,current_timestamp, 90967, 1419.83, 6);
insert into orders (id, order_date, order_number, total_amount, customer_id) values (720,current_timestamp, 44907, 2662.74, 5);
insert into orders (id, order_date, order_number, total_amount, customer_id) values (721,current_timestamp, 31565, 4588.2, 50);
insert into orders (id, order_date, order_number, total_amount, customer_id) values (722,current_timestamp, 65264, 2390.51, 39);
insert into orders (id, order_date, order_number, total_amount, customer_id) values (723,current_timestamp, 29809, 460.81, 46);
insert into orders (id, order_date, order_number, total_amount, customer_id) values (724,current_timestamp, 30487, 2583.69, 5);
insert into orders (id, order_date, order_number, total_amount, customer_id) values (725,current_timestamp, 77715, 3173.49, 58);
insert into orders (id, order_date, order_number, total_amount, customer_id) values (726,current_timestamp, 98725, 4623.54, 47);
insert into orders (id, order_date, order_number, total_amount, customer_id) values (727,current_timestamp, 86216, 2765.91, 10);
insert into orders (id, order_date, order_number, total_amount, customer_id) values (728,current_timestamp, 57797, 3759.89, 95);
insert into orders (id, order_date, order_number, total_amount, customer_id) values (729,current_timestamp, 40720, 2887.49, 45);
insert into orders (id, order_date, order_number, total_amount, customer_id) values (730,current_timestamp, 16205, 1668.59, 10);
insert into orders (id, order_date, order_number, total_amount, customer_id) values (731,current_timestamp, 50779, 2115.85, 10);
insert into orders (id, order_date, order_number, total_amount, customer_id) values (732,current_timestamp, 96855, 1809.18, 61);
insert into orders (id, order_date, order_number, total_amount, customer_id) values (733,current_timestamp, 96705, 618.67, 37);
insert into orders (id, order_date, order_number, total_amount, customer_id) values (734,current_timestamp, 88713, 4647.77, 67);
insert into orders (id, order_date, order_number, total_amount, customer_id) values (735,current_timestamp, 68699, 4075.52, 94);
insert into orders (id, order_date, order_number, total_amount, customer_id) values (736,current_timestamp, 7226, 1993.23, 96);
insert into orders (id, order_date, order_number, total_amount, customer_id) values (737,current_timestamp, 14994, 568.88, 53);
insert into orders (id, order_date, order_number, total_amount, customer_id) values (738,current_timestamp, 14750, 1215.39, 43);
insert into orders (id, order_date, order_number, total_amount, customer_id) values (739,current_timestamp, 35055, 2170.47, 39);
insert into orders (id, order_date, order_number, total_amount, customer_id) values (740,current_timestamp, 7429, 3189.54, 49);
insert into orders (id, order_date, order_number, total_amount, customer_id) values (741,current_timestamp, 88056, 1212.76, 86);
insert into orders (id, order_date, order_number, total_amount, customer_id) values (742,current_timestamp, 61993, 3314.39, 17);
insert into orders (id, order_date, order_number, total_amount, customer_id) values (743,current_timestamp, 77673, 3922.85, 29);
insert into orders (id, order_date, order_number, total_amount, customer_id) values (744,current_timestamp, 42793, 1787.68, 98);
insert into orders (id, order_date, order_number, total_amount, customer_id) values (745,current_timestamp, 29070, 3303.61, 85);
insert into orders (id, order_date, order_number, total_amount, customer_id) values (746,current_timestamp, 86330, 3712.52, 64);
insert into orders (id, order_date, order_number, total_amount, customer_id) values (747,current_timestamp, 62624, 2838.47, 20);
insert into orders (id, order_date, order_number, total_amount, customer_id) values (748,current_timestamp, 56137, 2838.45, 100);
insert into orders (id, order_date, order_number, total_amount, customer_id) values (749,current_timestamp, 12149, 2511.84, 69);
insert into orders (id, order_date, order_number, total_amount, customer_id) values (750,current_timestamp, 69283, 4634.15, 10);
insert into orders (id, order_date, order_number, total_amount, customer_id) values (751,current_timestamp, 70088, 3703.34, 75);
insert into orders (id, order_date, order_number, total_amount, customer_id) values (752,current_timestamp, 62107, 4312.64, 15);
insert into orders (id, order_date, order_number, total_amount, customer_id) values (753,current_timestamp, 82599, 3436.88, 5);
insert into orders (id, order_date, order_number, total_amount, customer_id) values (754,current_timestamp, 57500, 983.55, 59);
insert into orders (id, order_date, order_number, total_amount, customer_id) values (755,current_timestamp, 73979, 1398.54, 13);
insert into orders (id, order_date, order_number, total_amount, customer_id) values (756,current_timestamp, 55304, 2668.32, 58);
insert into orders (id, order_date, order_number, total_amount, customer_id) values (757,current_timestamp, 85568, 3355.95, 1);
insert into orders (id, order_date, order_number, total_amount, customer_id) values (758,current_timestamp, 18651, 3694.64, 26);
insert into orders (id, order_date, order_number, total_amount, customer_id) values (759,current_timestamp, 88550, 4907.98, 25);
insert into orders (id, order_date, order_number, total_amount, customer_id) values (760,current_timestamp, 91127, 1511.42, 62);
insert into orders (id, order_date, order_number, total_amount, customer_id) values (761,current_timestamp, 9568, 1374.79, 37);
insert into orders (id, order_date, order_number, total_amount, customer_id) values (762,current_timestamp, 51483, 1710.0, 44);
insert into orders (id, order_date, order_number, total_amount, customer_id) values (763,current_timestamp, 68831, 4425.36, 83);
insert into orders (id, order_date, order_number, total_amount, customer_id) values (764,current_timestamp, 4202, 2723.17, 92);
insert into orders (id, order_date, order_number, total_amount, customer_id) values (765,current_timestamp, 75578, 2614.43, 20);
insert into orders (id, order_date, order_number, total_amount, customer_id) values (766,current_timestamp, 9231, 582.98, 66);
insert into orders (id, order_date, order_number, total_amount, customer_id) values (767,current_timestamp, 23740, 4657.47, 49);
insert into orders (id, order_date, order_number, total_amount, customer_id) values (768,current_timestamp, 28731, 2257.97, 58);
insert into orders (id, order_date, order_number, total_amount, customer_id) values (769,current_timestamp, 19623, 3324.1, 56);
insert into orders (id, order_date, order_number, total_amount, customer_id) values (770,current_timestamp, 99207, 1202.27, 35);
insert into orders (id, order_date, order_number, total_amount, customer_id) values (771,current_timestamp, 13634, 1074.13, 81);
insert into orders (id, order_date, order_number, total_amount, customer_id) values (772,current_timestamp, 77072, 2378.13, 63);
insert into orders (id, order_date, order_number, total_amount, customer_id) values (773,current_timestamp, 20189, 1048.55, 65);
insert into orders (id, order_date, order_number, total_amount, customer_id) values (774,current_timestamp, 92052, 4247.56, 45);
insert into orders (id, order_date, order_number, total_amount, customer_id) values (775,current_timestamp, 64736, 4757.82, 75);
insert into orders (id, order_date, order_number, total_amount, customer_id) values (776,current_timestamp, 64377, 3806.47, 1);
insert into orders (id, order_date, order_number, total_amount, customer_id) values (777,current_timestamp, 4790, 4706.28, 77);
insert into orders (id, order_date, order_number, total_amount, customer_id) values (778,current_timestamp, 81598, 270.92, 21);
insert into orders (id, order_date, order_number, total_amount, customer_id) values (779,current_timestamp, 43142, 140.54, 29);
insert into orders (id, order_date, order_number, total_amount, customer_id) values (780,current_timestamp, 57143, 267.0, 58);
insert into orders (id, order_date, order_number, total_amount, customer_id) values (781,current_timestamp, 24595, 1288.72, 39);
insert into orders (id, order_date, order_number, total_amount, customer_id) values (782,current_timestamp, 31491, 2718.42, 9);
insert into orders (id, order_date, order_number, total_amount, customer_id) values (783,current_timestamp, 42109, 860.42, 34);
insert into orders (id, order_date, order_number, total_amount, customer_id) values (784,current_timestamp, 42759, 2737.1, 19);
insert into orders (id, order_date, order_number, total_amount, customer_id) values (785,current_timestamp, 63272, 2502.05, 44);
insert into orders (id, order_date, order_number, total_amount, customer_id) values (786,current_timestamp, 34705, 2839.56, 54);
insert into orders (id, order_date, order_number, total_amount, customer_id) values (787,current_timestamp, 49059, 4181.46, 73);
insert into orders (id, order_date, order_number, total_amount, customer_id) values (788,current_timestamp, 1852, 4932.66, 95);
insert into orders (id, order_date, order_number, total_amount, customer_id) values (789,current_timestamp, 31071, 2488.25, 33);
insert into orders (id, order_date, order_number, total_amount, customer_id) values (790,current_timestamp, 64462, 1771.56, 7);
insert into orders (id, order_date, order_number, total_amount, customer_id) values (791,current_timestamp, 97906, 4540.7, 16);
insert into orders (id, order_date, order_number, total_amount, customer_id) values (792,current_timestamp, 89177, 3112.69, 80);
insert into orders (id, order_date, order_number, total_amount, customer_id) values (793,current_timestamp, 55522, 204.85, 100);
insert into orders (id, order_date, order_number, total_amount, customer_id) values (794,current_timestamp, 84804, 2529.86, 2);
insert into orders (id, order_date, order_number, total_amount, customer_id) values (795,current_timestamp, 27868, 1981.13, 64);
insert into orders (id, order_date, order_number, total_amount, customer_id) values (796,current_timestamp, 8406, 1435.08, 63);
insert into orders (id, order_date, order_number, total_amount, customer_id) values (797,current_timestamp, 19450, 967.4, 84);
insert into orders (id, order_date, order_number, total_amount, customer_id) values (798,current_timestamp, 34785, 3642.32, 2);
insert into orders (id, order_date, order_number, total_amount, customer_id) values (799,current_timestamp, 91200, 4494.47, 79);
insert into orders (id, order_date, order_number, total_amount, customer_id) values (800,current_timestamp, 91911, 1383.28, 90);

create table product (
                         id int primary key,
                         product_name varchar(100) not null,
                         supplier_id int references supplier(id) not null,
                         unit_price decimal(12,2) default 0,
                         package varchar(100),
                         is_discontinued boolean default false
);

insert into product (id, product_name, supplier_id, unit_price, package, is_discontinued) values (1, 'Olives - Kalamata', 27, 55.18, 1.3, true);
insert into product (id, product_name, supplier_id, unit_price, package, is_discontinued) values (2, 'Oil - Coconut', 14, 224.6, 2.4, true);
insert into product (id, product_name, supplier_id, unit_price, package, is_discontinued) values (3, 'Nantucket Apple Juice', 20, 379.34, 1.8, true);
insert into product (id, product_name, supplier_id, unit_price, package, is_discontinued) values (4, 'Bread - Raisin Walnut Oval', 8, 461.22, 2.4, true);
insert into product (id, product_name, supplier_id, unit_price, package, is_discontinued) values (5, 'Compound - Rum', 14, 20.79, 3.0, true);
insert into product (id, product_name, supplier_id, unit_price, package, is_discontinued) values (6, 'Onions - Cooking', 17, 304.26, 2.4, true);
insert into product (id, product_name, supplier_id, unit_price, package, is_discontinued) values (7, 'Pepper - Cayenne', 33, 473.55, 1.2, false);
insert into product (id, product_name, supplier_id, unit_price, package, is_discontinued) values (8, 'Bread - Crumbs, Bulk', 11, 401.56, 1.6, true);
insert into product (id, product_name, supplier_id, unit_price, package, is_discontinued) values (9, 'Carrots - Mini, Stem On', 31, 207.88, 2.0, true);
insert into product (id, product_name, supplier_id, unit_price, package, is_discontinued) values (10, 'Danishes - Mini Cheese', 15, 429.06, 1.8, false);
insert into product (id, product_name, supplier_id, unit_price, package, is_discontinued) values (11, 'Bacardi Breezer - Strawberry', 5, 421.96, 2.2, false);
insert into product (id, product_name, supplier_id, unit_price, package, is_discontinued) values (12, 'Juice - Prune', 14, 156.05, 1.0, false);
insert into product (id, product_name, supplier_id, unit_price, package, is_discontinued) values (13, 'Squid - Breaded', 4, 135.01, 2.3, true);
insert into product (id, product_name, supplier_id, unit_price, package, is_discontinued) values (14, 'Soup Campbells - Tomato Bisque', 29, 137.73, 1.1, true);
insert into product (id, product_name, supplier_id, unit_price, package, is_discontinued) values (15, 'Carbonated Water - Orange', 12, 353.35, 1.3, false);
insert into product (id, product_name, supplier_id, unit_price, package, is_discontinued) values (16, 'Spinach - Spinach Leaf', 5, 159.03, 1.1, false);
insert into product (id, product_name, supplier_id, unit_price, package, is_discontinued) values (17, 'Veal - Eye Of Round', 32, 382.6, 2.7, false);
insert into product (id, product_name, supplier_id, unit_price, package, is_discontinued) values (18, 'Veal - Inside', 29, 229.92, 1.8, true);
insert into product (id, product_name, supplier_id, unit_price, package, is_discontinued) values (19, 'Sauce - Hp', 1, 498.05, 2.4, false);
insert into product (id, product_name, supplier_id, unit_price, package, is_discontinued) values (20, 'Black Currants', 13, 218.19, 2.4, false);
insert into product (id, product_name, supplier_id, unit_price, package, is_discontinued) values (21, 'Mustard - Dry, Powder', 18, 80.93, 1.9, true);
insert into product (id, product_name, supplier_id, unit_price, package, is_discontinued) values (22, 'C - Plus, Orange', 23, 93.84, 1.6, false);
insert into product (id, product_name, supplier_id, unit_price, package, is_discontinued) values (23, 'Napkin White - Starched', 26, 477.44, 2.6, true);
insert into product (id, product_name, supplier_id, unit_price, package, is_discontinued) values (24, 'Vermouth - Sweet, Cinzano', 8, 446.2, 1.0, true);
insert into product (id, product_name, supplier_id, unit_price, package, is_discontinued) values (25, 'Food Colouring - Orange', 7, 212.47, 3.0, false);
insert into product (id, product_name, supplier_id, unit_price, package, is_discontinued) values (26, 'Flavouring - Orange', 30, 53.71, 1.7, false);
insert into product (id, product_name, supplier_id, unit_price, package, is_discontinued) values (27, 'Mousse - Mango', 19, 456.67, 2.1, true);
insert into product (id, product_name, supplier_id, unit_price, package, is_discontinued) values (28, 'Nut - Chestnuts, Whole', 23, 375.24, 1.3, true);
insert into product (id, product_name, supplier_id, unit_price, package, is_discontinued) values (29, 'Wine - Red, Pinot Noir, Chateau', 18, 109.03, 2.0, true);
insert into product (id, product_name, supplier_id, unit_price, package, is_discontinued) values (30, 'Cookie Dough - Double', 14, 286.74, 1.0, true);
insert into product (id, product_name, supplier_id, unit_price, package, is_discontinued) values (31, 'Mushroom - King Eryingii', 12, 457.28, 1.5, false);
insert into product (id, product_name, supplier_id, unit_price, package, is_discontinued) values (32, 'Trout - Rainbow, Frozen', 27, 351.85, 2.3, false);
insert into product (id, product_name, supplier_id, unit_price, package, is_discontinued) values (33, 'Lamb - Leg, Diced', 35, 121.23, 2.6, true);
insert into product (id, product_name, supplier_id, unit_price, package, is_discontinued) values (34, 'Lobak', 19, 492.24, 2.9, false);
insert into product (id, product_name, supplier_id, unit_price, package, is_discontinued) values (35, 'Coffee - Hazelnut Cream', 8, 336.73, 2.4, true);
insert into product (id, product_name, supplier_id, unit_price, package, is_discontinued) values (36, 'Pike - Frozen Fillet', 21, 448.04, 2.4, true);
insert into product (id, product_name, supplier_id, unit_price, package, is_discontinued) values (37, 'Pasta - Detalini, White, Fresh', 31, 444.8, 1.4, false);
insert into product (id, product_name, supplier_id, unit_price, package, is_discontinued) values (38, 'Beer - Blue', 14, 11.18, 1.7, false);
insert into product (id, product_name, supplier_id, unit_price, package, is_discontinued) values (39, 'Pear - Asian', 16, 428.52, 1.9, true);
insert into product (id, product_name, supplier_id, unit_price, package, is_discontinued) values (40, 'Onions - Vidalia', 15, 400.16, 1.1, true);
insert into product (id, product_name, supplier_id, unit_price, package, is_discontinued) values (41, 'Water - San Pellegrino', 21, 350.95, 2.8, false);
insert into product (id, product_name, supplier_id, unit_price, package, is_discontinued) values (42, 'Beef - Cooked, Corned', 17, 385.05, 2.2, false);
insert into product (id, product_name, supplier_id, unit_price, package, is_discontinued) values (43, 'Scallops 60/80 Iqf', 18, 158.9, 2.9, true);
insert into product (id, product_name, supplier_id, unit_price, package, is_discontinued) values (44, 'Wine - Sauvignon Blanc', 26, 370.2, 2.1, true);
insert into product (id, product_name, supplier_id, unit_price, package, is_discontinued) values (45, 'Beer - Mill St Organic', 29, 481.35, 1.3, false);
insert into product (id, product_name, supplier_id, unit_price, package, is_discontinued) values (46, 'Sauce - Soya, Light', 30, 227.84, 3.0, true);
insert into product (id, product_name, supplier_id, unit_price, package, is_discontinued) values (47, 'Cookies Oatmeal Raisin', 34, 47.99, 2.3, true);
insert into product (id, product_name, supplier_id, unit_price, package, is_discontinued) values (48, 'Basil - Seedlings Cookstown', 10, 212.34, 1.8, true);
insert into product (id, product_name, supplier_id, unit_price, package, is_discontinued) values (49, 'Chinese Lemon Pork', 13, 468.07, 2.7, false);
insert into product (id, product_name, supplier_id, unit_price, package, is_discontinued) values (50, 'Mushroom - Enoki, Dry', 18, 163.5, 1.5, true);
insert into product (id, product_name, supplier_id, unit_price, package, is_discontinued) values (51, 'Sweet Pea Sprouts', 15, 201.44, 1.6, true);
insert into product (id, product_name, supplier_id, unit_price, package, is_discontinued) values (52, 'Seedlings - Buckwheat, Organic', 27, 311.19, 1.5, true);
insert into product (id, product_name, supplier_id, unit_price, package, is_discontinued) values (53, 'The Pop Shoppe - Cream Soda', 5, 211.19, 1.6, false);
insert into product (id, product_name, supplier_id, unit_price, package, is_discontinued) values (54, 'Sauce - Cranberry', 23, 115.95, 1.3, true);
insert into product (id, product_name, supplier_id, unit_price, package, is_discontinued) values (55, 'Lemonade - Natural, 591 Ml', 19, 366.64, 2.6, false);
insert into product (id, product_name, supplier_id, unit_price, package, is_discontinued) values (56, 'Danishes - Mini Cheese', 3, 490.85, 1.9, true);
insert into product (id, product_name, supplier_id, unit_price, package, is_discontinued) values (57, 'Scallop - St. Jaques', 27, 478.42, 1.2, true);
insert into product (id, product_name, supplier_id, unit_price, package, is_discontinued) values (58, 'Tea - Darjeeling, Azzura', 25, 414.11, 2.3, true);
insert into product (id, product_name, supplier_id, unit_price, package, is_discontinued) values (59, 'Bread - Pita', 33, 144.99, 1.7, false);
insert into product (id, product_name, supplier_id, unit_price, package, is_discontinued) values (60, 'Ice Cream Bar - Oreo Sandwich', 22, 62.09, 3.0, false);
insert into product (id, product_name, supplier_id, unit_price, package, is_discontinued) values (61, 'True - Vue Containers', 34, 196.27, 2.9, false);
insert into product (id, product_name, supplier_id, unit_price, package, is_discontinued) values (62, 'Squid Ink', 13, 33.54, 2.5, false);
insert into product (id, product_name, supplier_id, unit_price, package, is_discontinued) values (63, 'Chef Hat 20cm', 35, 447.91, 1.9, true);
insert into product (id, product_name, supplier_id, unit_price, package, is_discontinued) values (64, 'Jack Daniels', 18, 274.93, 2.5, true);
insert into product (id, product_name, supplier_id, unit_price, package, is_discontinued) values (65, 'Artichoke - Fresh', 9, 22.56, 3.0, false);
insert into product (id, product_name, supplier_id, unit_price, package, is_discontinued) values (66, 'Bread - Bagels, Plain', 8, 217.0, 1.5, false);
insert into product (id, product_name, supplier_id, unit_price, package, is_discontinued) values (67, 'Pastry - Choclate Baked', 8, 434.48, 2.2, false);
insert into product (id, product_name, supplier_id, unit_price, package, is_discontinued) values (68, 'Tart - Raisin And Pecan', 30, 423.41, 2.4, true);
insert into product (id, product_name, supplier_id, unit_price, package, is_discontinued) values (69, 'Pails With Lids', 25, 258.83, 2.2, true);
insert into product (id, product_name, supplier_id, unit_price, package, is_discontinued) values (70, 'Table Cloth 81x81 White', 13, 349.04, 1.0, true);
insert into product (id, product_name, supplier_id, unit_price, package, is_discontinued) values (71, 'Wine - Manischewitz Concord', 8, 351.03, 2.1, false);
insert into product (id, product_name, supplier_id, unit_price, package, is_discontinued) values (72, 'Wine - Valpolicella Masi', 11, 133.04, 2.6, false);
insert into product (id, product_name, supplier_id, unit_price, package, is_discontinued) values (73, 'Mushroom - Shitake, Dry', 14, 83.66, 3.0, true);
insert into product (id, product_name, supplier_id, unit_price, package, is_discontinued) values (74, 'Eggplant - Baby', 32, 248.13, 2.4, false);
insert into product (id, product_name, supplier_id, unit_price, package, is_discontinued) values (75, 'Squid Ink', 20, 242.2, 2.4, false);
insert into product (id, product_name, supplier_id, unit_price, package, is_discontinued) values (76, 'Tomatoes Tear Drop', 14, 169.19, 1.4, true);
insert into product (id, product_name, supplier_id, unit_price, package, is_discontinued) values (77, 'Beef - Ox Tongue', 11, 132.5, 3.0, false);
insert into product (id, product_name, supplier_id, unit_price, package, is_discontinued) values (78, 'Spice - Montreal Steak Spice', 11, 14.75, 1.4, true);
insert into product (id, product_name, supplier_id, unit_price, package, is_discontinued) values (79, 'Pepper - Orange', 31, 69.24, 2.6, false);
insert into product (id, product_name, supplier_id, unit_price, package, is_discontinued) values (80, 'Everfresh Products', 6, 87.23, 1.9, true);
insert into product (id, product_name, supplier_id, unit_price, package, is_discontinued) values (81, 'Tuna - Salad Premix', 17, 316.46, 1.4, true);
insert into product (id, product_name, supplier_id, unit_price, package, is_discontinued) values (82, 'Chervil - Fresh', 13, 289.54, 2.0, true);
insert into product (id, product_name, supplier_id, unit_price, package, is_discontinued) values (83, 'Duck - Breast', 32, 275.52, 2.3, true);
insert into product (id, product_name, supplier_id, unit_price, package, is_discontinued) values (84, 'Schnappes - Peach, Walkers', 7, 436.17, 1.2, true);
insert into product (id, product_name, supplier_id, unit_price, package, is_discontinued) values (85, 'Sauce - Fish 25 Ozf Bottle', 4, 347.63, 2.7, false);
insert into product (id, product_name, supplier_id, unit_price, package, is_discontinued) values (86, 'Beef - Eye Of Round', 34, 122.59, 2.5, false);
insert into product (id, product_name, supplier_id, unit_price, package, is_discontinued) values (87, 'Chutney Sauce', 29, 155.28, 3.0, true);
insert into product (id, product_name, supplier_id, unit_price, package, is_discontinued) values (88, 'Mousse - Banana Chocolate', 24, 499.17, 2.4, false);
insert into product (id, product_name, supplier_id, unit_price, package, is_discontinued) values (89, 'Chives - Fresh', 4, 129.88, 1.3, false);
insert into product (id, product_name, supplier_id, unit_price, package, is_discontinued) values (90, 'Cod - Fillets', 8, 197.82, 2.7, true);
insert into product (id, product_name, supplier_id, unit_price, package, is_discontinued) values (91, 'Cheese - Roquefort Pappillon', 11, 69.28, 1.3, false);
insert into product (id, product_name, supplier_id, unit_price, package, is_discontinued) values (92, 'Wine - Prosecco Valdobiaddene', 12, 278.26, 1.5, true);
insert into product (id, product_name, supplier_id, unit_price, package, is_discontinued) values (93, 'Quinoa', 3, 410.53, 1.5, false);
insert into product (id, product_name, supplier_id, unit_price, package, is_discontinued) values (94, 'Tomatoes Tear Drop', 7, 84.34, 2.6, true);
insert into product (id, product_name, supplier_id, unit_price, package, is_discontinued) values (95, 'Macaroons - Homestyle Two Bit', 14, 141.22, 2.9, false);
insert into product (id, product_name, supplier_id, unit_price, package, is_discontinued) values (96, 'Beef - Bones, Marrow', 27, 263.49, 2.8, false);
insert into product (id, product_name, supplier_id, unit_price, package, is_discontinued) values (97, 'Whmis - Spray Bottle Trigger', 24, 116.07, 2.6, false);
insert into product (id, product_name, supplier_id, unit_price, package, is_discontinued) values (98, 'Cookies - Fortune', 23, 61.62, 3.0, true);
insert into product (id, product_name, supplier_id, unit_price, package, is_discontinued) values (99, 'Pork - Back, Short Cut, Boneless', 33, 251.36, 3.0, true);
insert into product (id, product_name, supplier_id, unit_price, package, is_discontinued) values (100, 'Lemon Pepper', 11, 130.3, 1.3, false);
create table supplier (
                          id int primary key,
                          company_name varchar(100) not null,
                          contact_name varchar(100),
                          contact_title varchar(100),
                          city varchar(100),
                          country varchar(100),
                          phone varchar(100),
                          fax varchar(100)
);
insert into supplier (id, company_name, contact_name, city, country, phone, fax) values (1, 'Linkbuzz', 'Alta Blei', 'Pappádos', 'Greece', '903-724-2989', null);
insert into supplier (id, company_name, contact_name, city, country, phone, fax) values (2, 'Browsezoom', 'Cherrita Leeb', 'Neftegorsk', 'Russia', '341-298-9178', null);
insert into supplier (id, company_name, contact_name, city, country, phone, fax) values (3, 'Centidel', 'Karlan Varns', 'Ayabe', 'Japan', '401-217-0135', '657-487-1812');
insert into supplier (id, company_name, contact_name, city, country, phone, fax) values (4, 'Zoonoodle', 'Lorelle Basten', 'Sivaki', 'Russia', '445-722-9749', null);
insert into supplier (id, company_name, contact_name, city, country, phone, fax) values (5, 'Pixonyx', 'Gibb Petyanin', 'Arlington', 'United States', '571-495-9564', null);
insert into supplier (id, company_name, contact_name, city, country, phone, fax) values (6, 'Twinder', 'Bethina Entissle', 'Aguasay', 'Venezuela', '755-559-7451', null);
insert into supplier (id, company_name, contact_name, city, country, phone, fax) values (7, 'Dynabox', 'Odelinda Thorneloe', 'Shināş', 'Oman', '932-987-3625', '530-396-8192');
insert into supplier (id, company_name, contact_name, city, country, phone, fax) values (8, 'Thoughtstorm', 'Denice Jiru', 'Dolany', 'Czech Republic', '390-722-9940', '458-896-9319');
insert into supplier (id, company_name, contact_name, city, country, phone, fax) values (9, 'Katz', 'Byrann Corselles', 'Dukuhpicung', 'Indonesia', '824-635-3240', null);
insert into supplier (id, company_name, contact_name, city, country, phone, fax) values (10, 'Quatz', 'Van Romans', 'Ahar', 'Iran', '446-356-8101', '516-859-6617');
insert into supplier (id, company_name, contact_name, city, country, phone, fax) values (11, 'Realcube', 'Selestina Wyvill', 'Loudun', 'France', '296-143-4015', '347-995-0862');
insert into supplier (id, company_name, contact_name, city, country, phone, fax) values (12, 'Mybuzz', 'Euell Trail', 'Peruc', 'Czech Republic', '508-256-5742', '511-498-9584');
insert into supplier (id, company_name, contact_name, city, country, phone, fax) values (13, 'Kazu', 'Vanessa Sellor', 'San José de Cusmapa', 'Nicaragua', '418-346-9293', null);
insert into supplier (id, company_name, contact_name, city, country, phone, fax) values (14, 'Babbleblab', 'Calli Sacker', 'San Antonio', 'United States', '210-764-8131', null);
insert into supplier (id, company_name, contact_name, city, country, phone, fax) values (15, 'Gigazoom', 'Caron Rulton', 'Del Pilar', 'Philippines', '521-509-3599', '383-591-5236');
insert into supplier (id, company_name, contact_name, city, country, phone, fax) values (16, 'Trilith', 'Jenilee Bickerstasse', 'Strzelce Krajeńskie', 'Poland', '449-155-1896', '542-408-5114');
insert into supplier (id, company_name, contact_name, city, country, phone, fax) values (17, 'Yodel', 'Wye Caller', 'Velká Polom', 'Czech Republic', '736-117-9244', '736-869-7407');
insert into supplier (id, company_name, contact_name, city, country, phone, fax) values (18, 'Eare', 'Kahaleel Bloom', 'Ust’-Omchug', 'Russia', '589-526-2156', '736-729-6359');
insert into supplier (id, company_name, contact_name, city, country, phone, fax) values (19, 'Oyondu', 'Bonnee Rraundl', 'Leipsoí', 'Greece', '530-396-0541', '287-824-3516');
insert into supplier (id, company_name, contact_name, city, country, phone, fax) values (20, 'Meejo', 'Clara Austick', 'Leiguan', 'China', '688-130-7062', null);
insert into supplier (id, company_name, contact_name, city, country, phone, fax) values (21, 'Twimbo', 'Ambrose Benterman', 'Tangfang', 'China', '820-385-1167', null);
insert into supplier (id, company_name, contact_name, city, country, phone, fax) values (22, 'Realfire', 'Lorinda Trowbridge', 'Kilim', 'Philippines', '479-806-2781', null);
insert into supplier (id, company_name, contact_name, city, country, phone, fax) values (23, 'Dynazzy', 'Jaynell Hawson', 'Nova Petrópolis', 'Brazil', '689-437-7688', null);
insert into supplier (id, company_name, contact_name, city, country, phone, fax) values (24, 'Tagchat', 'Spike Gaul', 'Morong', 'Philippines', '862-469-6475', null);
insert into supplier (id, company_name, contact_name, city, country, phone, fax) values (25, 'Youspan', 'Marena Brocklesby', 'Tendō', 'Japan', '444-258-2982', null);
insert into supplier (id, company_name, contact_name, city, country, phone, fax) values (26, 'Youbridge', 'Linnie Saddleton', 'Zhangjiang', 'China', '649-563-5934', '287-596-1602');
insert into supplier (id, company_name, contact_name, city, country, phone, fax) values (27, 'Jetwire', 'Jaymee Shimmin', 'Puncakwangi', 'Indonesia', '400-391-4343', null);
insert into supplier (id, company_name, contact_name, city, country, phone, fax) values (28, 'Fivechat', 'Talyah Creed', 'Novotroitskaya', 'Russia', '339-702-1989', '566-439-7436');
insert into supplier (id, company_name, contact_name, city, country, phone, fax) values (29, 'Bubblemix', 'Jeanette Clooney', 'Bandera', 'Argentina', '120-880-5889', '697-157-3629');
insert into supplier (id, company_name, contact_name, city, country, phone, fax) values (30, 'Gigashots', 'Annamaria Heisler', 'Alavus', 'Finland', '909-993-1589', null);
insert into supplier (id, company_name, contact_name, city, country, phone, fax) values (31, 'Skinder', 'Sawyer Klaaasen', 'Handan', 'China', '818-477-9901', '560-941-9841');
insert into supplier (id, company_name, contact_name, city, country, phone, fax) values (32, 'Realbridge', 'Vonny Vicker', 'Minzheng', 'China', '255-566-6943', null);
insert into supplier (id, company_name, contact_name, city, country, phone, fax) values (33, 'Ntag', 'Tawsha Jory', 'Santa Rosa', 'Brazil', '602-371-6610', '780-682-5366');
insert into supplier (id, company_name, contact_name, city, country, phone, fax) values (34, 'Dynazzy', 'Muriel Cuppitt', 'Cikuray', 'Indonesia', '645-677-6902', '889-603-7272');
insert into supplier (id, company_name, contact_name, city, country, phone, fax) values (35, 'Thoughtmix', 'Flin Ohrt', 'San Martin', 'Mexico', '310-276-4116', null);

-- 1 --
SELECT *
FROM customer
WHERE country='Canada';

-- 2 --
SELECT DISTINCT country
FROM customer;

-- 3 --
SELECT count(id)
FROM orders;

-- 4 --
SELECT MAX(total_amount)
FROM orders;

-- 5 --
SELECT SUM(total_amount)
FROM orders;

-- 6 --
SELECT *
FROM orders
WHERE order_date between '2014 01 01' and '2014 06 25';--??--

-- 7 --
SELECT avg(total_amount)
FROM orders;

-- 8 --
SELECT customer_id, avg(total_amount)
FROM orders
group by customer_id;

-- 9 --
SELECT *
FROM customer
WHERE country IN ('Brazil' , 'Spain');--??--

-- 10 --
SELECT *
FROM orders
WHERE order_date between '2013 01 01' and '2014 01 01'
  and total_amount < 100.00;--??--
-- 11 --
SELECT *
FROM customer
WHERE country IN ('Germany', 'Spain', 'Italy', 'France')
ORDER BY country; --??--
-- 12 --
SELECT customer.country
FROM customer,
     supplier
where customer.country like supplier.country
group by customer.country, supplier.country;
-- 13 --
SELECT *
FROM customer
WHERE first_name LIKE 'Jo%';
-- 14 --
SELECT *
FROM customer
WHERE first_name like '___a';
-- 15 --
SELECT country, count(id)
FROM customer
group by country;
-- 16 --
SELECT country, count(id)
FROM customer
group by country
order by count(id) desc;
-- 17 --
SELECT sum(total_amount), customer_id, count(*)
from orders
group by customer_id
order by sum(total_amount);
-- 18 --
SELECT sum(total_amount), customer_id, count(*)
from orders
group by customer_id
having count(total_amount) > 20; --??--